"physical_address","client_company","channel_count","is_favorite","notes","contact_telephone","monitoring_schedule","site_code","gps_coordinates","sop_notes","contact_email","site_manager","tags","site_name","province","platform_id","site_status","secondary_contact","after_hours_contact","region","primary_contact","id","created_date","updated_date","created_by_id","is_sample"
"null","Fairprice Newtown","18","false","","null","","","","null","","null","[]","Fairprice Newtown","","6a6b52112243d2e46b072019","Active","null","null","","null","6a749630444c2253bf8a17ae","2026-08-06T14:12:00.334000","2026-08-06T14:12:00.334000","6a6b4d670139b3351c681e4a","false"
"","","","false","","","24/7","NEIGH","","","","","[]","NEIGHBOURHOOD","","6a6b52112243d2e46b072019","Active","","","","","6a742ff68cd16752cfa2053f","2026-08-06T06:55:50.378000","2026-08-06T06:55:50.378000","service_92a37121-6ef7-4fef-ab7b-b3be9c368479","false"
"","","","false","","","24/7","100648","","","","","[]","12 RONMAR","","6a6b52112243d2e46b072019","Active","","","","","6a742ff68cd16752cfa20540","2026-08-06T06:55:50.378000","2026-08-06T06:55:50.378000","service_92a37121-6ef7-4fef-ab7b-b3be9c368479","false"
"","","","false","","","24/7","100487","","","","","[]","LE CHATEAUX","","6a6b52112243d2e46b072019","Active","","","","","6a742ff68cd16752cfa20541","2026-08-06T06:55:50.378000","2026-08-06T06:55:50.378000","service_92a37121-6ef7-4fef-ab7b-b3be9c368479","false"
"","","","false","","","24/7","100206","","","","","[]","HARD HATS CENTURION","","6a6b52112243d2e46b072019","Active","","","","","6a742ff68cd16752cfa20542","2026-08-06T06:55:50.378000","2026-08-06T06:55:50.378000","service_92a37121-6ef7-4fef-ab7b-b3be9c368479","false"
"","","","false","","","24/7","100206","","","","","[]","HARD HATS EDENVALE","","6a6b52112243d2e46b072019","Active","","","","","6a742ff68cd16752cfa20543","2026-08-06T06:55:50.378000","2026-08-06T06:55:50.378000","service_92a37121-6ef7-4fef-ab7b-b3be9c368479","false"
"","","","false","","","24/7","100252","","","","","[]","KROST SHELVING","","6a6b52112243d2e46b072019","Active","","","","","6a742ff68cd16752cfa20544","2026-08-06T06:55:50.378000","2026-08-06T06:55:50.378000","service_92a37121-6ef7-4fef-ab7b-b3be9c368479","false"
"","","","false","","","24/7","100902","","","","","[]","SANDRINGHAM HIGH","","6a6b52112243d2e46b072019","Active","","","","","6a742ff68cd16752cfa20545","2026-08-06T06:55:50.378000","2026-08-06T06:55:50.378000","service_92a37121-6ef7-4fef-ab7b-b3be9c368479","false"
"","","","false","","","24/7","CPI001","","","","","[]","EAGLE INK - THE FLINT GROUP","","6a6b52112243d2e46b072019","Active","","","","","6a742ff68cd16752cfa20546","2026-08-06T06:55:50.378000","2026-08-06T06:55:50.378000","service_92a37121-6ef7-4fef-ab7b-b3be9c368479","false"
"","","","false","","","24/7","C00131","","","","","[]","MIDSTAD MALL","","6a6b52112243d2e46b072019","Active","","","","","6a742ff68cd16752cfa20547","2026-08-06T06:55:50.378000","2026-08-06T06:55:50.378000","service_92a37121-6ef7-4fef-ab7b-b3be9c368479","false"
"","","","false","","","24/7","100271","","","","","[]","DIGITAL GENERATION","","6a6b52112243d2e46b072019","Active","","","","","6a742ff68cd16752cfa20548","2026-08-06T06:55:50.378000","2026-08-06T06:55:50.378000","service_92a37121-6ef7-4fef-ab7b-b3be9c368479","false"
"","","","false","","","24/7","100649","","","","","[]","19 AFRICAN - RICHARD LURIE","","6a6b52112243d2e46b072019","Active","","","","","6a742ff68cd16752cfa20549","2026-08-06T06:55:50.378000","2026-08-06T06:55:50.378000","service_92a37121-6ef7-4fef-ab7b-b3be9c368479","false"
"","","","false","","","24/7","100125","","","","","[]","21 KOMATI DISCOUNT USED TRACTOR","","6a6b52112243d2e46b072019","Active","","","","","6a742ff68cd16752cfa2054a","2026-08-06T06:55:50.378000","2026-08-06T06:55:50.378000","service_92a37121-6ef7-4fef-ab7b-b3be9c368479","false"
"","","","false","","","24/7","100351","","","","","[]","SPARTAN TRUCKS KZN","","6a6b52112243d2e46b072019","Active","","","","","6a742ff68cd16752cfa2054b","2026-08-06T06:55:50.378000","2026-08-06T06:55:50.378000","service_92a37121-6ef7-4fef-ab7b-b3be9c368479","false"
"","","","false","","","24/7","100436","","","","","[]","MR DELIVERY LYNHURST","","6a6b52112243d2e46b072019","Active","","","","","6a742ff68cd16752cfa2054c","2026-08-06T06:55:50.378000","2026-08-06T06:55:50.378000","service_92a37121-6ef7-4fef-ab7b-b3be9c368479","false"
"","","","false","","","24/7","100576","","","","","[]","MTN CELL EASTRAND","","6a6b52112243d2e46b072019","Active","","","","","6a742ff68cd16752cfa2054d","2026-08-06T06:55:50.378000","2026-08-06T06:55:50.378000","service_92a37121-6ef7-4fef-ab7b-b3be9c368479","false"
"","","","false","","","24/7","100581","","","","","[]","LINKSFIEL PLACE","","6a6b52112243d2e46b072019","Active","","","","","6a742ff68cd16752cfa2054e","2026-08-06T06:55:50.378000","2026-08-06T06:55:50.378000","service_92a37121-6ef7-4fef-ab7b-b3be9c368479","false"
"","","","false","","","24/7","ABC001","","","","","[]","ABEDARE CABLES","","6a6b52112243d2e46b072019","Active","","","","","6a742ff68cd16752cfa2054f","2026-08-06T06:55:50.378000","2026-08-06T06:55:50.378000","service_92a37121-6ef7-4fef-ab7b-b3be9c368479","false"
"","","","false","","","24/7","100129","","","","","[]","TELJOY CPT","","6a6b52112243d2e46b072019","Active","","","","","6a742ff68cd16752cfa20550","2026-08-06T06:55:50.378000","2026-08-06T06:55:50.378000","service_92a37121-6ef7-4fef-ab7b-b3be9c368479","false"
"","","","false","","","24/7","100137","","","","","[]","VOSLOORUS CROSSING","","6a6b52112243d2e46b072019","Active","","","","","6a742ff68cd16752cfa20551","2026-08-06T06:55:50.378000","2026-08-06T06:55:50.378000","service_92a37121-6ef7-4fef-ab7b-b3be9c368479","false"
"","","","false","","","24/7","100576","","","","","[]","MTN CORNER STORE","","6a6b52112243d2e46b072019","Active","","","","","6a742ff68cd16752cfa20552","2026-08-06T06:55:50.378000","2026-08-06T06:55:50.378000","service_92a37121-6ef7-4fef-ab7b-b3be9c368479","false"
"","","","false","","","24/7","100177","","","","","[]","KALIBER","","6a6b52112243d2e46b072019","Active","","","","","6a742ff68cd16752cfa20553","2026-08-06T06:55:50.378000","2026-08-06T06:55:50.378000","service_92a37121-6ef7-4fef-ab7b-b3be9c368479","false"
"","","","false","","","24/7","DOR001","","","","","[]","DOMERL PROPERTIES","","6a6b52112243d2e46b072019","Active","","","","","6a742ff68cd16752cfa20554","2026-08-06T06:55:50.378000","2026-08-06T06:55:50.378000","service_92a37121-6ef7-4fef-ab7b-b3be9c368479","false"
"","","","false","","","24/7","FTX001","","","","","[]","FTTX","","6a6b52112243d2e46b072019","Active","","","","","6a742ff68cd16752cfa20555","2026-08-06T06:55:50.378000","2026-08-06T06:55:50.378000","service_92a37121-6ef7-4fef-ab7b-b3be9c368479","false"
"","","","false","","","24/7","SES001","","","","","[]","SATCHWELL ENERGY SOLUTION","","6a6b52112243d2e46b072019","Active","","","","","6a742ff68cd16752cfa20556","2026-08-06T06:55:50.378000","2026-08-06T06:55:50.378000","service_92a37121-6ef7-4fef-ab7b-b3be9c368479","false"
"","","","false","","","24/7","10090","","","","","[]","THE PALMS","","6a6b52112243d2e46b072019","Active","","","","","6a742ff68cd16752cfa20557","2026-08-06T06:55:50.378000","2026-08-06T06:55:50.378000","service_92a37121-6ef7-4fef-ab7b-b3be9c368479","false"
"","","","false","","","24/7","WIL001","","","","","[]","WILLEC 28 MAIN & 29 INDUSTRIAL","","6a6b52112243d2e46b072019","Active","","","","","6a742ff68cd16752cfa20558","2026-08-06T06:55:50.378000","2026-08-06T06:55:50.378000","service_92a37121-6ef7-4fef-ab7b-b3be9c368479","false"
"","","","false","","","24/7","STA032","","","","","[]","TOPSHELL","","6a6b52112243d2e46b072019","Active","","","","","6a742ff68cd16752cfa20559","2026-08-06T06:55:50.378000","2026-08-06T06:55:50.378000","service_92a37121-6ef7-4fef-ab7b-b3be9c368479","false"
"","","","false","","","24/7","STA032","","","","","[]","MONTE CIRCLE A","","6a6b52112243d2e46b072019","Active","","","","","6a742ff68cd16752cfa2055a","2026-08-06T06:55:50.378000","2026-08-06T06:55:50.378000","service_92a37121-6ef7-4fef-ab7b-b3be9c368479","false"
"","","","false","","","24/7","STA032","","","","","[]","MONTE CIRCLE C","","6a6b52112243d2e46b072019","Active","","","","","6a742ff68cd16752cfa2055b","2026-08-06T06:55:50.378000","2026-08-06T06:55:50.378000","service_92a37121-6ef7-4fef-ab7b-b3be9c368479","false"
"","","","false","","","24/7","STA032","","","","","[]","MONTE CIRCLE D","","6a6b52112243d2e46b072019","Active","","","","","6a742ff68cd16752cfa2055c","2026-08-06T06:55:50.378000","2026-08-06T06:55:50.378000","service_92a37121-6ef7-4fef-ab7b-b3be9c368479","false"
"","","","false","","","24/7","STA032","","","","","[]","FLEXISTORE","","6a6b52112243d2e46b072019","Active","","","","","6a742ff68cd16752cfa2055d","2026-08-06T06:55:50.378000","2026-08-06T06:55:50.378000","service_92a37121-6ef7-4fef-ab7b-b3be9c368479","false"
"","","","false","","","24/7","STA032","","","","","[]","NORKEM CORNER","","6a6b52112243d2e46b072019","Active","","","","","6a742ff68cd16752cfa2055e","2026-08-06T06:55:50.378000","2026-08-06T06:55:50.378000","service_92a37121-6ef7-4fef-ab7b-b3be9c368479","false"
"","","","false","","","24/7","STA032","","","","","[]","GOLF RACKET","","6a6b52112243d2e46b072019","Active","","","","","6a742ff68cd16752cfa2055f","2026-08-06T06:55:50.378000","2026-08-06T06:55:50.378000","service_92a37121-6ef7-4fef-ab7b-b3be9c368479","false"
"","","","false","","","24/7","STA032","","","","","[]","PAUL HARRIS","","6a6b52112243d2e46b072019","Active","","","","","6a742ff68cd16752cfa20560","2026-08-06T06:55:50.378000","2026-08-06T06:55:50.378000","service_92a37121-6ef7-4fef-ab7b-b3be9c368479","false"
"","","","false","","","24/7","STA032","","","","","[]","EYETHU MALL","","6a6b52112243d2e46b072019","Active","","","","","6a742ff68cd16752cfa20561","2026-08-06T06:55:50.378000","2026-08-06T06:55:50.378000","service_92a37121-6ef7-4fef-ab7b-b3be9c368479","false"
"","","","false","","","24/7","STA032","","","","","[]","MENLYN TOWERS","","6a6b52112243d2e46b072019","Active","","","","","6a742ff68cd16752cfa20562","2026-08-06T06:55:50.378000","2026-08-06T06:55:50.378000","service_92a37121-6ef7-4fef-ab7b-b3be9c368479","false"
"","","","false","","","24/7","STA032","","","","","[]","SANDTON GATE PRECINCT","","6a6b52112243d2e46b072019","Active","","","","","6a742ff68cd16752cfa20563","2026-08-06T06:55:50.378000","2026-08-06T06:55:50.378000","service_92a37121-6ef7-4fef-ab7b-b3be9c368479","false"
"","","","false","","","24/7","STA032","","","","","[]","SANDTON GATE BLOCK A","","6a6b52112243d2e46b072019","Active","","","","","6a742ff68cd16752cfa20564","2026-08-06T06:55:50.378000","2026-08-06T06:55:50.378000","service_92a37121-6ef7-4fef-ab7b-b3be9c368479","false"
"","","","false","","","24/7","100353","","","","","[]","SPARTAN TRUCK HIRE MONTAGE","","6a6b52112243d2e46b072019","Active","","","","","6a742ff6aa1c19ab316475c2","2026-08-06T06:55:50.109000","2026-08-06T06:55:50.109000","service_92a37121-6ef7-4fef-ab7b-b3be9c368479","false"
"","","","false","","","24/7","C00131","","","","","[]","KIMPARK","","6a6b52112243d2e46b072019","Active","","","","","6a742ff6aa1c19ab316475c3","2026-08-06T06:55:50.109000","2026-08-06T06:55:50.109000","service_92a37121-6ef7-4fef-ab7b-b3be9c368479","false"
"","","","false","","","24/7","100661","","","","","[]","BRIMA LOGISTICS","","6a6b52112243d2e46b072019","Active","","","","","6a742ff6aa1c19ab316475c4","2026-08-06T06:55:50.109000","2026-08-06T06:55:50.109000","service_92a37121-6ef7-4fef-ab7b-b3be9c368479","false"
"","","","false","","","24/7","STA020","","","","","[]","CORRUSEAL BOKSBURG 1","","6a6b52112243d2e46b072019","Active","","","","","6a742ff6aa1c19ab316475c5","2026-08-06T06:55:50.109000","2026-08-06T06:55:50.109000","service_92a37121-6ef7-4fef-ab7b-b3be9c368479","false"
"","","","false","","","24/7","C00164","","","","","[]","CPT NETTLETON GUARD HOUSE","","6a6b52112243d2e46b072019","Active","","","","","6a742ff6aa1c19ab316475c6","2026-08-06T06:55:50.109000","2026-08-06T06:55:50.109000","service_92a37121-6ef7-4fef-ab7b-b3be9c368479","false"
"","","","false","","","24/7","100164","","","","","[]","ROCKLANDS CENTRE","","6a6b52112243d2e46b072019","Active","","","","","6a742ff6aa1c19ab316475c7","2026-08-06T06:55:50.109000","2026-08-06T06:55:50.109000","service_92a37121-6ef7-4fef-ab7b-b3be9c368479","false"
"","","","false","","","24/7","200001","","","","","[]","V TECH BUILDING","","6a6b52112243d2e46b072019","Active","","","","","6a742ff6aa1c19ab316475c8","2026-08-06T06:55:50.109000","2026-08-06T06:55:50.109000","service_92a37121-6ef7-4fef-ab7b-b3be9c368479","false"
"","","","false","","","24/7","100577","","","","","[]","MANELI PETS","","6a6b52112243d2e46b072019","Active","","","","","6a742ff6aa1c19ab316475c9","2026-08-06T06:55:50.109000","2026-08-06T06:55:50.109000","service_92a37121-6ef7-4fef-ab7b-b3be9c368479","false"
"","","","false","","","24/7","100895","","","","","[]","28 GREEN","","6a6b52112243d2e46b072019","Active","","","","","6a742ff6aa1c19ab316475ca","2026-08-06T06:55:50.109000","2026-08-06T06:55:50.109000","service_92a37121-6ef7-4fef-ab7b-b3be9c368479","false"
"","","","false","","","24/7","C10080","","","","","[]","ROY SILVER","","6a6b52112243d2e46b072019","Active","","","","","6a742ff6aa1c19ab316475cb","2026-08-06T06:55:50.109000","2026-08-06T06:55:50.109000","service_92a37121-6ef7-4fef-ab7b-b3be9c368479","false"
"","","","false","","","24/7","100856","","","","","[]","SPECKTANK","","6a6b52112243d2e46b072019","Active","","","","","6a742ff6aa1c19ab316475cc","2026-08-06T06:55:50.109000","2026-08-06T06:55:50.109000","service_92a37121-6ef7-4fef-ab7b-b3be9c368479","false"
"","","","false","","","24/7","100600","","","","","[]","INTRA SPEED ISANDO","","6a6b52112243d2e46b072019","Active","","","","","6a742ff6aa1c19ab316475cd","2026-08-06T06:55:50.109000","2026-08-06T06:55:50.109000","service_92a37121-6ef7-4fef-ab7b-b3be9c368479","false"
"","","","false","","","24/7","C00108","","","","","[]","TBCS","","6a6b52112243d2e46b072019","Active","","","","","6a742ff6aa1c19ab316475ce","2026-08-06T06:55:50.109000","2026-08-06T06:55:50.109000","service_92a37121-6ef7-4fef-ab7b-b3be9c368479","false"
"","","","false","","","24/7","100385","","","","","[]","CAVERSHAM","","6a6b52112243d2e46b072019","Active","","","","","6a742ff6aa1c19ab316475cf","2026-08-06T06:55:50.109000","2026-08-06T06:55:50.109000","service_92a37121-6ef7-4fef-ab7b-b3be9c368479","false"
"","","","false","","","24/7","100320","","","","","[]","MAIN SCRAP","","6a6b52112243d2e46b072019","Active","","","","","6a742ff6aa1c19ab316475d0","2026-08-06T06:55:50.109000","2026-08-06T06:55:50.109000","service_92a37121-6ef7-4fef-ab7b-b3be9c368479","false"
"","","","false","","","24/7","100358","","","","","[]","GUNNEBO","","6a6b52112243d2e46b072019","Active","","","","","6a742ff6aa1c19ab316475d1","2026-08-06T06:55:50.109000","2026-08-06T06:55:50.109000","service_92a37121-6ef7-4fef-ab7b-b3be9c368479","false"
"","","","false","","","24/7","100133","","","","","[]","REVIVE EXTRA","","6a6b52112243d2e46b072019","Active","","","","","6a742ff6aa1c19ab316475d2","2026-08-06T06:55:50.109000","2026-08-06T06:55:50.109000","service_92a37121-6ef7-4fef-ab7b-b3be9c368479","false"
"","","","false","","","24/7","100133","","","","","[]","REVIVE VIDEO INTERCOM","","6a6b52112243d2e46b072019","Active","","","","","6a742ff6aa1c19ab316475d3","2026-08-06T06:55:50.109000","2026-08-06T06:55:50.109000","service_92a37121-6ef7-4fef-ab7b-b3be9c368479","false"
"","","","false","","","24/7","100133","","","","","[]","REVIVE 32CH NVR 98","","6a6b52112243d2e46b072019","Active","","","","","6a742ff6aa1c19ab316475d4","2026-08-06T06:55:50.109000","2026-08-06T06:55:50.109000","service_92a37121-6ef7-4fef-ab7b-b3be9c368479","false"
"","","","false","","","24/7","100133","","","","","[]","REVIVE ANPR","","6a6b52112243d2e46b072019","Active","","","","","6a742ff6aa1c19ab316475d5","2026-08-06T06:55:50.109000","2026-08-06T06:55:50.109000","service_92a37121-6ef7-4fef-ab7b-b3be9c368479","false"
"","","","false","","","24/7","100133","","","","","[]","REVIVE 32CH NVR 99","","6a6b52112243d2e46b072019","Active","","","","","6a742ff6aa1c19ab316475d6","2026-08-06T06:55:50.109000","2026-08-06T06:55:50.109000","service_92a37121-6ef7-4fef-ab7b-b3be9c368479","false"
"","","","false","","","24/7","100133","","","","","[]","REVIVE 32CH NVR 100","","6a6b52112243d2e46b072019","Active","","","","","6a742ff6aa1c19ab316475d7","2026-08-06T06:55:50.109000","2026-08-06T06:55:50.109000","service_92a37121-6ef7-4fef-ab7b-b3be9c368479","false"
"","","","false","","","24/7","100634","","","","","[]","TAKE A LOT SECUNDA","","6a6b52112243d2e46b072019","Active","","","","","6a742ff6aa1c19ab316475d8","2026-08-06T06:55:50.109000","2026-08-06T06:55:50.109000","service_92a37121-6ef7-4fef-ab7b-b3be9c368479","false"
"","","","false","","","24/7","100634","","","","","[]","TAKE A LOT MIDDLEBURG","","6a6b52112243d2e46b072019","Active","","","","","6a742ff6aa1c19ab316475d9","2026-08-06T06:55:50.109000","2026-08-06T06:55:50.109000","service_92a37121-6ef7-4fef-ab7b-b3be9c368479","false"
"","","","false","","","24/7","100634","","","","","[]","TAKE A LOT WITBANK","","6a6b52112243d2e46b072019","Active","","","","","6a742ff6aa1c19ab316475da","2026-08-06T06:55:50.109000","2026-08-06T06:55:50.109000","service_92a37121-6ef7-4fef-ab7b-b3be9c368479","false"
"","","","false","","","24/7","ABC001","","","","","[]","ABERDARE CABLES PE","","6a6b52112243d2e46b072019","Active","","","","","6a742ff6aa1c19ab316475db","2026-08-06T06:55:50.109000","2026-08-06T06:55:50.109000","service_92a37121-6ef7-4fef-ab7b-b3be9c368479","false"
"","","","false","","","24/7","STA020","","","","","[]","AM HENGTON","","6a6b52112243d2e46b072019","Active","","","","","6a742ff6aa1c19ab316475dc","2026-08-06T06:55:50.109000","2026-08-06T06:55:50.109000","service_92a37121-6ef7-4fef-ab7b-b3be9c368479","false"
"","","","false","","","24/7","100208","","","","","[]","IMPALA BOLT N NUT NIGEL","","6a6b52112243d2e46b072019","Active","","","","","6a742ff6aa1c19ab316475dd","2026-08-06T06:55:50.109000","2026-08-06T06:55:50.109000","service_92a37121-6ef7-4fef-ab7b-b3be9c368479","false"
"","","","false","","","24/7","ABC001","","","","","[]","ABERDARE CABLES PMB","","6a6b52112243d2e46b072019","Active","","","","","6a742ff6aa1c19ab316475de","2026-08-06T06:55:50.109000","2026-08-06T06:55:50.109000","service_92a37121-6ef7-4fef-ab7b-b3be9c368479","false"
"","","","false","","","24/7","BER002","","","","","[]","BERZACKS BROTHERS DBN","","6a6b52112243d2e46b072019","Active","","","","","6a742ff6aa1c19ab316475df","2026-08-06T06:55:50.109000","2026-08-06T06:55:50.109000","service_92a37121-6ef7-4fef-ab7b-b3be9c368479","false"
"","","","false","","","24/7","STA015","","","","","[]","STALLION HQ EGOLI EAST","","6a6b52112243d2e46b072019","Active","","","","","6a742ff6aa1c19ab316475e0","2026-08-06T06:55:50.109000","2026-08-06T06:55:50.109000","service_92a37121-6ef7-4fef-ab7b-b3be9c368479","false"
"","","","false","","","24/7","100950","","","","","[]","MALL@THE JUNCTION","","6a6b52112243d2e46b072019","Active","","","","","6a742ff6aa1c19ab316475e1","2026-08-06T06:55:50.109000","2026-08-06T06:55:50.109000","service_92a37121-6ef7-4fef-ab7b-b3be9c368479","false"
"","","","false","","","24/7","PVA001","","","","","[]","PARK VILLAGE","","6a6b52112243d2e46b072019","Active","","","","","6a742ff6aa1c19ab316475e2","2026-08-06T06:55:50.109000","2026-08-06T06:55:50.109000","service_92a37121-6ef7-4fef-ab7b-b3be9c368479","false"
"","","","false","","","24/7","ORT001","","","","","[]","ERUSMUS RESIDENCE","","6a6b52112243d2e46b072019","Active","","","","","6a742ff6aa1c19ab316475e3","2026-08-06T06:55:50.109000","2026-08-06T06:55:50.109000","service_92a37121-6ef7-4fef-ab7b-b3be9c368479","false"
"","","","false","","","24/7","ACD001","","","","","[]","ACDOCO","","6a6b52112243d2e46b072019","Active","","","","","6a742ff6aa1c19ab316475e4","2026-08-06T06:55:50.109000","2026-08-06T06:55:50.109000","service_92a37121-6ef7-4fef-ab7b-b3be9c368479","false"
"","","","false","","","24/7","STA020","","","","","[]","SANDVIK KOMANANI","","6a6b52112243d2e46b072019","Active","","","","","6a742ff6aa1c19ab316475e5","2026-08-06T06:55:50.109000","2026-08-06T06:55:50.109000","service_92a37121-6ef7-4fef-ab7b-b3be9c368479","false"
"","","","false","","","24/7","100420","","","","","[]","FIORANO","","6a6b52112243d2e46b072019","Active","","","","","6a742ff6aa1c19ab316475e6","2026-08-06T06:55:50.109000","2026-08-06T06:55:50.109000","service_92a37121-6ef7-4fef-ab7b-b3be9c368479","false"
"","","","false","","","24/7","GINA1","","","","","[]","GINA ROLLER DOOR","","6a6b52112243d2e46b072019","Active","","","","","6a742ff6aa1c19ab316475e7","2026-08-06T06:55:50.109000","2026-08-06T06:55:50.109000","service_92a37121-6ef7-4fef-ab7b-b3be9c368479","false"
"","","","false","","","24/7","C00137","","","","","[]","TWICKENHAM - LEWIN TRUST","","6a6b52112243d2e46b072019","Active","","","","","6a742ff6aa1c19ab316475e8","2026-08-06T06:55:50.109000","2026-08-06T06:55:50.109000","service_92a37121-6ef7-4fef-ab7b-b3be9c368479","false"
"","","","false","","","24/7","100532","","","","","[]","BAROQUE","","6a6b52112243d2e46b072019","Active","","","","","6a742ff6aa1c19ab316475e9","2026-08-06T06:55:50.109000","2026-08-06T06:55:50.109000","service_92a37121-6ef7-4fef-ab7b-b3be9c368479","false"
"","","","false","","","24/7","100339","","","","","[]","SPARTANS TRUCK HIRE CENTURION","","6a6b52112243d2e46b072019","Active","","","","","6a742ff6aa1c19ab316475ea","2026-08-06T06:55:50.109000","2026-08-06T06:55:50.109000","service_92a37121-6ef7-4fef-ab7b-b3be9c368479","false"
"","","","false","","","24/7","C00163","","","","","[]","15 VENUS - PAUL PRINSLOO","","6a6b52112243d2e46b072019","Active","","","","","6a742ff6aa1c19ab316475eb","2026-08-06T06:55:50.109000","2026-08-06T06:55:50.109000","service_92a37121-6ef7-4fef-ab7b-b3be9c368479","false"
"","","","false","","","24/7","100493","","","","","[]","LITS","","6a6b52112243d2e46b072019","Active","","","","","6a742ff6aa1c19ab316475ec","2026-08-06T06:55:50.109000","2026-08-06T06:55:50.109000","service_92a37121-6ef7-4fef-ab7b-b3be9c368479","false"
"","","","false","","","24/7","100505","","","","","[]","TRENCON CONSTRUCTION","","6a6b52112243d2e46b072019","Active","","","","","6a742ff6aa1c19ab316475ed","2026-08-06T06:55:50.109000","2026-08-06T06:55:50.109000","service_92a37121-6ef7-4fef-ab7b-b3be9c368479","false"
"","","","false","","","24/7","100485","","","","","[]","ABIDDAC GROUP","","6a6b52112243d2e46b072019","Active","","","","","6a742ff6aa1c19ab316475ee","2026-08-06T06:55:50.109000","2026-08-06T06:55:50.109000","service_92a37121-6ef7-4fef-ab7b-b3be9c368479","false"
"","","","false","","","24/7","100901","","","","","[]","MACCASAR SHOPPING CENTRE","","6a6b52112243d2e46b072019","Active","","","","","6a742ff6aa1c19ab316475ef","2026-08-06T06:55:50.109000","2026-08-06T06:55:50.109000","service_92a37121-6ef7-4fef-ab7b-b3be9c368479","false"
"","","","false","","","24/7","100614","","","","","[]","ALCHEMY - VANGUARD","","6a6b52112243d2e46b072019","Active","","","","","6a742ff6aa1c19ab316475f0","2026-08-06T06:55:50.109000","2026-08-06T06:55:50.109000","service_92a37121-6ef7-4fef-ab7b-b3be9c368479","false"
"","","","false","","","24/7","C00136","","","","","[]","IHS JABULANI","","6a6b52112243d2e46b072019","Active","","","","","6a742ff6aa1c19ab316475f1","2026-08-06T06:55:50.109000","2026-08-06T06:55:50.109000","service_92a37121-6ef7-4fef-ab7b-b3be9c368479","false"
"","","","false","","","24/7","100436","","","","","[]","179 CORLET","","6a6b52112243d2e46b072019","Active","","","","","6a742ff6aa1c19ab316475f2","2026-08-06T06:55:50.109000","2026-08-06T06:55:50.109000","service_92a37121-6ef7-4fef-ab7b-b3be9c368479","false"
"","","","false","","","24/7","100334","","","","","[]","PRESS PRODUCT","","6a6b52112243d2e46b072019","Active","","","","","6a742ff6aa1c19ab316475f3","2026-08-06T06:55:50.109000","2026-08-06T06:55:50.109000","service_92a37121-6ef7-4fef-ab7b-b3be9c368479","false"
"","","","false","","","24/7","100334","","","","","[]","DARRLY MYERS","","6a6b52112243d2e46b072019","Active","","","","","6a742ff6aa1c19ab316475f4","2026-08-06T06:55:50.109000","2026-08-06T06:55:50.109000","service_92a37121-6ef7-4fef-ab7b-b3be9c368479","false"
"","","","false","","","24/7","GINA1","","","","","[]","GINA@WORK","","6a6b52112243d2e46b072019","Active","","","","","6a742ff6aa1c19ab316475f5","2026-08-06T06:55:50.109000","2026-08-06T06:55:50.109000","service_92a37121-6ef7-4fef-ab7b-b3be9c368479","false"
"","","","false","","","24/7","C00164","","","","","[]","CPT NETTLETON-PENGILLY","","6a6b52112243d2e46b072019","Active","","","","","6a742ff6aa1c19ab316475f6","2026-08-06T06:55:50.109000","2026-08-06T06:55:50.109000","service_92a37121-6ef7-4fef-ab7b-b3be9c368479","false"
"","","","false","","","24/7","100206","","","","","[]","HARD HATS HONEYDEW","","6a6b52112243d2e46b072019","Active","","","","","6a742ff6aa1c19ab316475f7","2026-08-06T06:55:50.109000","2026-08-06T06:55:50.109000","service_92a37121-6ef7-4fef-ab7b-b3be9c368479","false"
"","","","false","","","24/7","100614","","","","","[]","52 KATHERINE VANGUARD TRUST","","6a6b52112243d2e46b072019","Active","","","","","6a742ff6aa1c19ab316475f8","2026-08-06T06:55:50.109000","2026-08-06T06:55:50.109000","service_92a37121-6ef7-4fef-ab7b-b3be9c368479","false"
"","","","false","","","24/7","100426","","","","","[]","BELLAVISTA SCHOOL","","6a6b52112243d2e46b072019","Active","","","","","6a742ff6aa1c19ab316475f9","2026-08-06T06:55:50.109000","2026-08-06T06:55:50.109000","service_92a37121-6ef7-4fef-ab7b-b3be9c368479","false"
"","","","false","","","24/7","100402","","","","","[]","65 ON 5th","","6a6b52112243d2e46b072019","Active","","","","","6a742ff6aa1c19ab316475fa","2026-08-06T06:55:50.109000","2026-08-06T06:55:50.109000","service_92a37121-6ef7-4fef-ab7b-b3be9c368479","false"
"","","","false","","","24/7","100526","","","","","[]","CONTINENTAL LINEN","","6a6b52112243d2e46b072019","Active","","","","","6a742ff6aa1c19ab316475fb","2026-08-06T06:55:50.109000","2026-08-06T06:55:50.109000","service_92a37121-6ef7-4fef-ab7b-b3be9c368479","false"
"","","","false","","","24/7","FTX001","","","","","[]","CONTINENTAL WAREHOUSE","","6a6b52112243d2e46b072019","Active","","","","","6a742ff6aa1c19ab316475fc","2026-08-06T06:55:50.109000","2026-08-06T06:55:50.109000","service_92a37121-6ef7-4fef-ab7b-b3be9c368479","false"
"","","","false","","","24/7","100516","","","","","[]","ALLOY MAGNETIC","","6a6b52112243d2e46b072019","Active","","","","","6a742ff6aa1c19ab316475fd","2026-08-06T06:55:50.109000","2026-08-06T06:55:50.109000","service_92a37121-6ef7-4fef-ab7b-b3be9c368479","false"
"","","","false","","","24/7","C00172","","","","","[]","MIMO FRANCO 150 KLOOF","","6a6b52112243d2e46b072019","Active","","","","","6a742ff6aa1c19ab316475fe","2026-08-06T06:55:50.109000","2026-08-06T06:55:50.109000","service_92a37121-6ef7-4fef-ab7b-b3be9c368479","false"
"","","","false","","","24/7","100537","","","","","[]","10 BRADFIELD","","6a6b52112243d2e46b072019","Active","","","","","6a742ff6aa1c19ab316475ff","2026-08-06T06:55:50.109000","2026-08-06T06:55:50.109000","service_92a37121-6ef7-4fef-ab7b-b3be9c368479","false"
"","","","false","","","24/7","100488","","","","","[]","SOMETHING SPECIAL","","6a6b52112243d2e46b072019","Active","","","","","6a742ff6aa1c19ab31647600","2026-08-06T06:55:50.109000","2026-08-06T06:55:50.109000","service_92a37121-6ef7-4fef-ab7b-b3be9c368479","false"
"","","","false","","","24/7","RIC001","","","","","[]","RICOH","","6a6b52112243d2e46b072019","Active","","","","","6a742ff6aa1c19ab31647601","2026-08-06T06:55:50.109000","2026-08-06T06:55:50.109000","service_92a37121-6ef7-4fef-ab7b-b3be9c368479","false"
"","","","false","","","24/7","20003","","","","","[]","MAIN STRAIGHT - SANLAM LIFE","","6a6b52112243d2e46b072019","Active","","","","","6a742ff6aa1c19ab31647602","2026-08-06T06:55:50.109000","2026-08-06T06:55:50.109000","service_92a37121-6ef7-4fef-ab7b-b3be9c368479","false"
"","","","false","","","24/7","100347","","","","","[]","HOME LIVING NASREC","","6a6b52112243d2e46b072019","Active","","","","","6a742ff6aa1c19ab31647603","2026-08-06T06:55:50.109000","2026-08-06T06:55:50.109000","service_92a37121-6ef7-4fef-ab7b-b3be9c368479","false"
"","","","false","","","24/7","100480","","","","","[]","DR JOHN FINLAYSON","","6a6b52112243d2e46b072019","Active","","","","","6a742ff6aa1c19ab31647604","2026-08-06T06:55:50.109000","2026-08-06T06:55:50.109000","service_92a37121-6ef7-4fef-ab7b-b3be9c368479","false"
"","","","false","","","24/7","100141","","","","","[]","VILLA FRANCH","","6a6b52112243d2e46b072019","Active","","","","","6a742ff6aa1c19ab31647605","2026-08-06T06:55:50.109000","2026-08-06T06:55:50.109000","service_92a37121-6ef7-4fef-ab7b-b3be9c368479","false"
"","","","false","","","24/7","100485","","","","","[]","ABBEDEC DAM","","6a6b52112243d2e46b072019","Active","","","","","6a742ff6aa1c19ab31647606","2026-08-06T06:55:50.109000","2026-08-06T06:55:50.109000","service_92a37121-6ef7-4fef-ab7b-b3be9c368479","false"
"","","","false","","","24/7","C00084","","","","","[]","PARK LANE","","6a6b52112243d2e46b072019","Active","","","","","6a742ff6aa1c19ab31647607","2026-08-06T06:55:50.109000","2026-08-06T06:55:50.109000","service_92a37121-6ef7-4fef-ab7b-b3be9c368479","false"
"","","","false","","","24/7","ISO002","","","","","[]","SYNERGY STERILISATION","","6a6b52112243d2e46b072019","Active","","","","","6a742ff6aa1c19ab316475a4","2026-08-06T06:55:50.108000","2026-08-06T06:55:50.108000","service_92a37121-6ef7-4fef-ab7b-b3be9c368479","false"
"","","","false","","","24/7","TMB001","","","","","[]","TWO MOUNTAINS BURIAL SERVICES","","6a6b52112243d2e46b072019","Active","","","","","6a742ff6aa1c19ab316475a5","2026-08-06T06:55:50.108000","2026-08-06T06:55:50.108000","service_92a37121-6ef7-4fef-ab7b-b3be9c368479","false"
"","","","false","","","24/7","BAM001","","","","","[]","ALEXANDRA FRESNAYE","","6a6b52112243d2e46b072019","Active","","","","","6a742ff6aa1c19ab316475a6","2026-08-06T06:55:50.108000","2026-08-06T06:55:50.108000","service_92a37121-6ef7-4fef-ab7b-b3be9c368479","false"
"","","","false","","","24/7","BAM001","","","","","[]","Brian Alan Myerson","","6a6b52112243d2e46b072019","Active","","","","","6a742ff6aa1c19ab316475a7","2026-08-06T06:55:50.108000","2026-08-06T06:55:50.108000","service_92a37121-6ef7-4fef-ab7b-b3be9c368479","false"
"","","","false","","","24/7","AUT002","","","","","[]","AUTOZONE DENVER","","6a6b52112243d2e46b072019","Active","","","","","6a742ff6aa1c19ab316475a8","2026-08-06T06:55:50.108000","2026-08-06T06:55:50.108000","service_92a37121-6ef7-4fef-ab7b-b3be9c368479","false"
"","","","false","","","24/7","BER002","","","","","[]","BERZACKS CPT","","6a6b52112243d2e46b072019","Active","","","","","6a742ff6aa1c19ab316475a9","2026-08-06T06:55:50.108000","2026-08-06T06:55:50.108000","service_92a37121-6ef7-4fef-ab7b-b3be9c368479","false"
"","","","false","","","24/7","BER002","","","","","[]","BERZACKD JHB","","6a6b52112243d2e46b072019","Active","","","","","6a742ff6aa1c19ab316475aa","2026-08-06T06:55:50.108000","2026-08-06T06:55:50.108000","service_92a37121-6ef7-4fef-ab7b-b3be9c368479","false"
"","","","false","","","24/7","SAT011","","","","","[]","BRIDGE TAXI MULDERSDRIFT","","6a6b52112243d2e46b072019","Active","","","","","6a742ff6aa1c19ab316475ab","2026-08-06T06:55:50.108000","2026-08-06T06:55:50.108000","service_92a37121-6ef7-4fef-ab7b-b3be9c368479","false"
"","","","false","","","24/7","100416","","","","","[]","Broome Manor Complex","","6a6b52112243d2e46b072019","Active","","","","","6a742ff6aa1c19ab316475ac","2026-08-06T06:55:50.108000","2026-08-06T06:55:50.108000","service_92a37121-6ef7-4fef-ab7b-b3be9c368479","false"
"","","","false","","","24/7","STA020","","","","","[]","CLIVE ZULBERG FARM","","6a6b52112243d2e46b072019","Active","","","","","6a742ff6aa1c19ab316475ad","2026-08-06T06:55:50.108000","2026-08-06T06:55:50.108000","service_92a37121-6ef7-4fef-ab7b-b3be9c368479","false"
"","","","false","","","24/7","C00185","","","","","[]","AEROBOTICS CPT","","6a6b52112243d2e46b072019","Active","","","","","6a742ff6aa1c19ab316475ae","2026-08-06T06:55:50.108000","2026-08-06T06:55:50.108000","service_92a37121-6ef7-4fef-ab7b-b3be9c368479","false"
"","","","false","","","24/7","100526","","","","","[]","CPT CONTINENTAL LINEN","","6a6b52112243d2e46b072019","Active","","","","","6a742ff6aa1c19ab316475af","2026-08-06T06:55:50.108000","2026-08-06T06:55:50.108000","service_92a37121-6ef7-4fef-ab7b-b3be9c368479","false"
"","","","false","","","24/7","MON001","","","","","[]","CPT MONTAGUE SNACKS","","6a6b52112243d2e46b072019","Active","","","","","6a742ff6aa1c19ab316475b0","2026-08-06T06:55:50.108000","2026-08-06T06:55:50.108000","service_92a37121-6ef7-4fef-ab7b-b3be9c368479","false"
"","","","false","","","24/7","STA032","","","","","[]","EYETHU LIFE STYLE CENTER","","6a6b52112243d2e46b072019","Active","","","","","6a742ff6aa1c19ab316475b1","2026-08-06T06:55:50.108000","2026-08-06T06:55:50.108000","service_92a37121-6ef7-4fef-ab7b-b3be9c368479","false"
"","","","false","","","24/7","FRW001","","","","","[]","FREEDONWOM","","6a6b52112243d2e46b072019","Active","","","","","6a742ff6aa1c19ab316475b2","2026-08-06T06:55:50.108000","2026-08-06T06:55:50.108000","service_92a37121-6ef7-4fef-ab7b-b3be9c368479","false"
"","","","false","","","24/7","MCS001","","","","","[]","MASC SOLUTIONS","","6a6b52112243d2e46b072019","Active","","","","","6a742ff6aa1c19ab316475b3","2026-08-06T06:55:50.108000","2026-08-06T06:55:50.108000","service_92a37121-6ef7-4fef-ab7b-b3be9c368479","false"
"","","","false","","","24/7","STA020","","","","","[]","CLIVE ZULBERG HOUSE - STEEPWAY","","6a6b52112243d2e46b072019","Active","","","","","6a742ff6aa1c19ab316475b4","2026-08-06T06:55:50.108000","2026-08-06T06:55:50.108000","service_92a37121-6ef7-4fef-ab7b-b3be9c368479","false"
"","","","false","","","24/7","STA020","","","","","[]","CLIVE ZULBERG RESIDENCE","","6a6b52112243d2e46b072019","Active","","","","","6a742ff6aa1c19ab316475b5","2026-08-06T06:55:50.108000","2026-08-06T06:55:50.108000","service_92a37121-6ef7-4fef-ab7b-b3be9c368479","false"
"","","","false","","","24/7","STA020","","","","","[]","NON FERROUS METALS","","6a6b52112243d2e46b072019","Active","","","","","6a742ff6aa1c19ab316475b6","2026-08-06T06:55:50.108000","2026-08-06T06:55:50.108000","service_92a37121-6ef7-4fef-ab7b-b3be9c368479","false"
"","","","false","","","24/7","STA019","","","","","[]","STALLION CENTURION OFFICE","","6a6b52112243d2e46b072019","Active","","","","","6a742ff6aa1c19ab316475b7","2026-08-06T06:55:50.108000","2026-08-06T06:55:50.108000","service_92a37121-6ef7-4fef-ab7b-b3be9c368479","false"
"","","","false","","","24/7","STA020","","","","","[]","AM HENGTONG","","6a6b52112243d2e46b072019","Active","","","","","6a742ff6aa1c19ab316475b8","2026-08-06T06:55:50.108000","2026-08-06T06:55:50.108000","service_92a37121-6ef7-4fef-ab7b-b3be9c368479","false"
"","","","false","","","24/7","ASU001","","","","","[]","ASPIRATA_ASSURED CLOUD","","6a6b52112243d2e46b072019","Active","","","","","6a742ff6aa1c19ab316475b9","2026-08-06T06:55:50.108000","2026-08-06T06:55:50.108000","service_92a37121-6ef7-4fef-ab7b-b3be9c368479","false"
"","","","false","","","24/7","100326","","","","","[]","SUNLAND AFRICA INVESTMENT_DAVID JOSEPH","","6a6b52112243d2e46b072019","Active","","","","","6a742ff6aa1c19ab316475ba","2026-08-06T06:55:50.108000","2026-08-06T06:55:50.108000","service_92a37121-6ef7-4fef-ab7b-b3be9c368479","false"
"","","","false","","","24/7","WIL001","","","","","[]","WILEC KZN","","6a6b52112243d2e46b072019","Active","","","","","6a742ff6aa1c19ab316475bb","2026-08-06T06:55:50.108000","2026-08-06T06:55:50.108000","service_92a37121-6ef7-4fef-ab7b-b3be9c368479","false"
"","","","false","","","24/7","GPS001","","","","","[]","GROWTHPOINT STUDENT ACCOMMODATION KINGSWAY","","6a6b52112243d2e46b072019","Active","","","","","6a742ff6aa1c19ab316475bc","2026-08-06T06:55:50.108000","2026-08-06T06:55:50.108000","service_92a37121-6ef7-4fef-ab7b-b3be9c368479","false"
"","","","false","","","24/7","URB001","","","","","[]","URBAN SECURITY_BOTSWANA","","6a6b52112243d2e46b072019","Active","","","","","6a742ff6aa1c19ab316475bd","2026-08-06T06:55:50.108000","2026-08-06T06:55:50.108000","service_92a37121-6ef7-4fef-ab7b-b3be9c368479","false"
"","","","false","","","24/7","WHO001","","","","","[]","Waterkloof Golf Estate","","6a6b52112243d2e46b072019","Active","","","","","6a742ff6aa1c19ab316475be","2026-08-06T06:55:50.108000","2026-08-06T06:55:50.108000","service_92a37121-6ef7-4fef-ab7b-b3be9c368479","false"
"","","","false","","","24/7","100130","","","","","[]","EXOWELD","","6a6b52112243d2e46b072019","Active","","","","","6a742ff6aa1c19ab316475bf","2026-08-06T06:55:50.108000","2026-08-06T06:55:50.108000","service_92a37121-6ef7-4fef-ab7b-b3be9c368479","false"
"","","","false","","","24/7","C00162","","","","","[]","32 NAPIER","","6a6b52112243d2e46b072019","Active","","","","","6a742ff6aa1c19ab316475c0","2026-08-06T06:55:50.108000","2026-08-06T06:55:50.108000","service_92a37121-6ef7-4fef-ab7b-b3be9c368479","false"
"","","","false","","","24/7","100347","","","","","[]","HOME OF THE LIVING FOURWAYS","","6a6b52112243d2e46b072019","Active","","","","","6a742ff6aa1c19ab316475c1","2026-08-06T06:55:50.108000","2026-08-06T06:55:50.108000","service_92a37121-6ef7-4fef-ab7b-b3be9c368479","false"
"78 Eckstein Road, Observatory","Cargo Care","1","false","","082 337 3484","24/7","","","Guard not allowed to be on his personal phone; Sleeping on duty not allowed; Always watch the monitor; Strictly 1 Stallion Guard allowed in the guard house; Firearm not to be left unattended.","","null","[]","Cargo Care","","6a6b52112243d2e46b072019","Active","Juanidre","079 343 5697","","Khukuni Dube","6a731c52746a2f29cf7155b1","2026-08-05T11:19:46.609000","2026-08-05T11:19:46.609000","6a6b4d670139b3351c681e4a","false"
"","","36","false","","","24/7","","","","","","[]","Flexi Store","","6a6b52112243d2e46b07201c","Active","","","","","6a6b523948e278772e3ec381","2026-07-30T13:31:37.067000","2026-08-06T06:49:05.476000","service_92a37121-6ef7-4fef-ab7b-b3be9c368479","false"
"","","20","false","","","12/7","","","","","","[]","Afrox Newcastle FO","","6a6b52112243d2e46b07201e","Active","","","","","6a6b523948e278772e3ec384","2026-07-30T13:31:37.067000","2026-08-06T06:49:24.840000","service_92a37121-6ef7-4fef-ab7b-b3be9c368479","false"
"","","12","false","","","12/7","","","","","","[]","Afrox Rustenburg FO","","6a6b52112243d2e46b07201e","Active","","","","","6a6b523948e278772e3ec38c","2026-07-30T13:31:37.067000","2026-08-06T06:49:24.840000","service_92a37121-6ef7-4fef-ab7b-b3be9c368479","false"
"","","41","false","","","","","","","","","[]","FP Robertsville P2P","","6a6b52112243d2e46b07201d","Active","","","","","6a6b523948e278772e3ec39c","2026-07-30T13:31:37.067000","2026-07-30T13:32:11.167000","service_92a37121-6ef7-4fef-ab7b-b3be9c368479","false"
"","","35","false","","","","","","","","","[]","Aberdare Cables Spartan P2P","","6a6b52112243d2e46b07201d","Active","","","","","6a6b523948e278772e3ec39d","2026-07-30T13:31:37.067000","2026-07-30T13:32:11.167000","service_92a37121-6ef7-4fef-ab7b-b3be9c368479","false"
"","","5","false","","","12/7","","","","","","[]","Afrox Stanger FO","","6a6b52112243d2e46b07201e","Active","","","","","6a6b523948e278772e3ec39a","2026-07-30T13:31:37.067000","2026-08-06T06:49:24.840000","service_92a37121-6ef7-4fef-ab7b-b3be9c368479","false"
"","","20","false","","","12/7","","","","","","[]","Afrox Bloemfontein FO","","6a6b52112243d2e46b07201e","Active","","","","","6a6b523948e278772e3ec385","2026-07-30T13:31:37.067000","2026-08-06T06:49:24.840000","service_92a37121-6ef7-4fef-ab7b-b3be9c368479","false"
"","","16","false","","","","","","","","","[]","Afrox East London FO","","6a6b52112243d2e46b07201e","Active","","","","","6a6b523948e278772e3ec387","2026-07-30T13:31:37.067000","2026-07-30T13:32:11.250000","service_92a37121-6ef7-4fef-ab7b-b3be9c368479","false"
"","","15","false","","","12/7","","","","","","[]","Afrox Wadeville ASU FO","","6a6b52112243d2e46b07201e","Active","","","","","6a6b523948e278772e3ec38a","2026-07-30T13:31:37.067000","2026-08-06T06:49:24.840000","service_92a37121-6ef7-4fef-ab7b-b3be9c368479","false"
"","","10","false","","","12/7","","","","","","[]","Easigas Alrode FO","","6a6b52112243d2e46b07201e","Active","","","","","6a6b523948e278772e3ec38f","2026-07-30T13:31:37.067000","2026-08-06T06:49:24.840000","service_92a37121-6ef7-4fef-ab7b-b3be9c368479","false"
"","","32","false","","","24/7","100309","","","","","[]","Mount Sheba P2P","","6a6b52112243d2e46b07201d","Active","","","","","6a6b523948e278772e3ec39f","2026-07-30T13:31:37.067000","2026-08-06T06:55:49.569000","service_92a37121-6ef7-4fef-ab7b-b3be9c368479","false"
"","","7","false","","","12/7","","","","","","[]","Afrox Booysens FO","","6a6b52112243d2e46b07201e","Active","","","","","6a6b523948e278772e3ec393","2026-07-30T13:31:37.067000","2026-08-06T06:49:24.840000","service_92a37121-6ef7-4fef-ab7b-b3be9c368479","false"
"","","7","false","","","12/7","","","","","","[]","Afrox Upington FO","","6a6b52112243d2e46b07201e","Active","","","","","6a6b523948e278772e3ec396","2026-07-30T13:31:37.067000","2026-08-06T06:49:24.840000","service_92a37121-6ef7-4fef-ab7b-b3be9c368479","false"
"","","9","false","","","12/7","","","","","","[]","Afrox Midrand FO","","6a6b52112243d2e46b07201e","Active","","","","","6a6b523948e278772e3ec390","2026-07-30T13:31:37.067000","2026-08-06T06:49:24.840000","service_92a37121-6ef7-4fef-ab7b-b3be9c368479","false"
"","","8","false","","","","","","","","","[]","Afrox Lephalale FO","","6a6b52112243d2e46b07201e","Active","","","","","6a6b523948e278772e3ec391","2026-07-30T13:31:37.067000","2026-07-30T13:32:11.250000","service_92a37121-6ef7-4fef-ab7b-b3be9c368479","false"
"","","7","false","","","","","","","","","[]","Afrox Vereeniging FO","","6a6b52112243d2e46b07201e","Active","","","","","6a6b523948e278772e3ec395","2026-07-30T13:31:37.067000","2026-07-30T13:32:11.250000","service_92a37121-6ef7-4fef-ab7b-b3be9c368479","false"
"","","16","false","","","12/7","","","","","","[]","Afrox Pinetown FO","","6a6b52112243d2e46b07201e","Active","","","","","6a6b523948e278772e3ec388","2026-07-30T13:31:37.067000","2026-08-06T06:49:24.840000","service_92a37121-6ef7-4fef-ab7b-b3be9c368479","false"
"","","13","false","","","","","","","","","[]","Easigas Germiston FO","","6a6b52112243d2e46b07201e","Active","","","","","6a6b523948e278772e3ec38b","2026-07-30T13:31:37.067000","2026-07-30T13:32:11.250000","service_92a37121-6ef7-4fef-ab7b-b3be9c368479","false"
"","","18","false","","","12/7","","","","","","[]","Afrox Witbank GnG FO","","6a6b52112243d2e46b07201e","Active","","","","","6a6b523948e278772e3ec386","2026-07-30T13:31:37.067000","2026-08-06T06:49:24.840000","service_92a37121-6ef7-4fef-ab7b-b3be9c368479","false"
"","","11","false","","","","","","","","","[]","Afrox Kimberly FO","","6a6b52112243d2e46b07201e","Active","","","","","6a6b523948e278772e3ec38d","2026-07-30T13:31:37.067000","2026-07-30T13:32:11.250000","service_92a37121-6ef7-4fef-ab7b-b3be9c368479","false"
"","","5","false","","","12/7","","","","","","[]","Afrox Stikland FO","","6a6b52112243d2e46b07201e","Active","","","","","6a6b523948e278772e3ec399","2026-07-30T13:31:37.067000","2026-08-06T06:49:24.840000","service_92a37121-6ef7-4fef-ab7b-b3be9c368479","false"
"","","7","false","","","12/7","","","","","","[]","Afrox Germiston FO","","6a6b52112243d2e46b07201e","Active","","","","","6a6b523948e278772e3ec392","2026-07-30T13:31:37.067000","2026-08-06T06:49:24.840000","service_92a37121-6ef7-4fef-ab7b-b3be9c368479","false"
"","","32","false","","","12/7","","","","","","[]","Afrox Alrode Warehouse FO","","6a6b52112243d2e46b07201e","Active","","","","","6a6b523948e278772e3ec383","2026-07-30T13:31:37.067000","2026-08-06T06:49:24.840000","service_92a37121-6ef7-4fef-ab7b-b3be9c368479","false"
"","","10","false","","","12/7","","","","","","[]","Afrox Wadeville G&G FO","","6a6b52112243d2e46b07201e","Active","","","","","6a6b523948e278772e3ec38e","2026-07-30T13:31:37.067000","2026-08-06T06:49:24.840000","service_92a37121-6ef7-4fef-ab7b-b3be9c368479","false"
"","","4","false","","","","","","","","","[]","Afrox Montague FO","","6a6b52112243d2e46b07201e","Active","","","","","6a6b523948e278772e3ec39b","2026-07-30T13:31:37.067000","2026-07-30T13:32:11.250000","service_92a37121-6ef7-4fef-ab7b-b3be9c368479","false"
"","","6","false","","","","","","","","","[]","GOLF ROCKET","","6a6b52112243d2e46b07201c","Active","","","","","6a6b523948e278772e3ec382","2026-07-30T13:31:37.067000","2026-07-30T13:32:11.106000","service_92a37121-6ef7-4fef-ab7b-b3be9c368479","false"
"","","5","false","","","12/7","","","","","","[]","Afrox Kathu FO","","6a6b52112243d2e46b07201e","Active","","","","","6a6b523948e278772e3ec397","2026-07-30T13:31:37.067000","2026-08-06T06:49:24.840000","service_92a37121-6ef7-4fef-ab7b-b3be9c368479","false"
"","","90","false","","","24/7","","","","","","[]","HERTFORD OFFICE PARK","","6a6b52112243d2e46b07201c","Active","","","","","6a6b523948e278772e3ec380","2026-07-30T13:31:37.067000","2026-08-06T06:49:05.476000","service_92a37121-6ef7-4fef-ab7b-b3be9c368479","false"
"","","5","false","","","","","","","","","[]","Stallion Botswana Office FO","","6a6b52112243d2e46b07201e","Active","","","","","6a6b523948e278772e3ec398","2026-07-30T13:31:37.067000","2026-07-30T13:32:11.250000","service_92a37121-6ef7-4fef-ab7b-b3be9c368479","false"
"","","7","false","","","12/7","","","","","","[]","Afrox Boksburg FO","","6a6b52112243d2e46b07201e","Active","","","","","6a6b523948e278772e3ec394","2026-07-30T13:31:37.067000","2026-08-06T06:49:24.840000","service_92a37121-6ef7-4fef-ab7b-b3be9c368479","false"
"","","32","false","","","","","","","","","[]","Afrox Pine P2P","","6a6b52112243d2e46b07201d","Active","","","","","6a6b523948e278772e3ec39e","2026-07-30T13:31:37.067000","2026-07-30T13:32:11.167000","service_92a37121-6ef7-4fef-ab7b-b3be9c368479","false"
"","","16","false","","","12/7","","","","","","[]","Afrox Umbilo FO","","6a6b52112243d2e46b07201e","Active","","","","","6a6b523948e278772e3ec389","2026-07-30T13:31:37.067000","2026-08-06T06:49:24.840000","service_92a37121-6ef7-4fef-ab7b-b3be9c368479","false"
"","","12","false","","","","","","","","","[]","Specon","","6a6b52112243d2e46b07201b","Active","","","","","6a6b523948e278772e3ec340","2026-07-30T13:31:37.066000","2026-08-03T15:45:20.151000","service_92a37121-6ef7-4fef-ab7b-b3be9c368479","false"
"","","27","false","","","","","","","","","[]","Inospace - Tungsten Works","","6a6b52112243d2e46b07201b","Active","","","","","6a6b523948e278772e3ec368","2026-07-30T13:31:37.066000","2026-07-30T13:32:11.041000","service_92a37121-6ef7-4fef-ab7b-b3be9c368479","false"
"","","19","false","","","","","","","","","[]","INOSPACE ALLANDALE","","6a6b52112243d2e46b07201b","Active","","","","","6a6b523948e278772e3ec369","2026-07-30T13:31:37.066000","2026-07-30T13:32:11.041000","service_92a37121-6ef7-4fef-ab7b-b3be9c368479","false"
"","","7","false","","","","","","","","","[]","The Palms Office Park","","6a6b52112243d2e46b07201b","Active","","","","","6a6b523948e278772e3ec374","2026-07-30T13:31:37.066000","2026-07-30T13:32:11.041000","service_92a37121-6ef7-4fef-ab7b-b3be9c368479","false"
"","","15","false","","","24/7","","","","","","[]","EYETHU","","6a6b52112243d2e46b07201c","Active","","","","","6a6b523948e278772e3ec376","2026-07-30T13:31:37.066000","2026-08-06T06:49:05.476000","service_92a37121-6ef7-4fef-ab7b-b3be9c368479","false"
"","","20","false","","","","","","","","","[]","Wispeco Alrode 2","","6a6b52112243d2e46b07201b","Active","","","","","6a6b523948e278772e3ec332","2026-07-30T13:31:37.066000","2026-08-03T15:45:20.151000","service_92a37121-6ef7-4fef-ab7b-b3be9c368479","false"
"","","4","false","","","24/7","","","","","","[]","ZE Nxumalo","","6a6b52112243d2e46b07201b","Active","","","","","6a6b523948e278772e3ec334","2026-07-30T13:31:37.066000","2026-08-06T06:49:05.476000","service_92a37121-6ef7-4fef-ab7b-b3be9c368479","false"
"","","10","false","","","","","","","","","[]","CPT_Montagu_Snacks","","6a6b52112243d2e46b07201b","Active","","","","","6a6b523948e278772e3ec338","2026-07-30T13:31:37.066000","2026-08-03T15:45:20.151000","service_92a37121-6ef7-4fef-ab7b-b3be9c368479","false"
"","","2","false","","","","","","","","","[]","Growthpoint_kingsway","","6a6b52112243d2e46b07201b","Active","","","","","6a6b523948e278772e3ec348","2026-07-30T13:31:37.066000","2026-08-03T15:45:20.151000","service_92a37121-6ef7-4fef-ab7b-b3be9c368479","false"
"","","16","false","","","","","","","","","[]","REVIVE EXTRA 16 CHANELS","","6a6b52112243d2e46b07201b","Active","","","","","6a6b523948e278772e3ec370","2026-07-30T13:31:37.066000","2026-07-30T13:32:11.041000","service_92a37121-6ef7-4fef-ab7b-b3be9c368479","false"
"","","5","false","","","","","","","","","[]","UD trucks Southern Africa","","6a6b52112243d2e46b07201b","Active","","","","","6a6b523948e278772e3ec375","2026-07-30T13:31:37.066000","2026-07-30T13:32:11.041000","service_92a37121-6ef7-4fef-ab7b-b3be9c368479","false"
"","","17","false","","","","STA020","","","","","[]","imperial denver","","6a6b52112243d2e46b07201b","Active","","","","","6a6b523948e278772e3ec33e","2026-07-30T13:31:37.066000","2026-08-06T06:55:49.569000","service_92a37121-6ef7-4fef-ab7b-b3be9c368479","false"
"","","2","false","","","","","","","","","[]","Stallion Botswana","","6a6b52112243d2e46b07201b","Active","","","","","6a6b523948e278772e3ec341","2026-07-30T13:31:37.066000","2026-08-03T15:45:20.151000","service_92a37121-6ef7-4fef-ab7b-b3be9c368479","false"
"","","17","false","","","","","","","","","[]","NFM","","6a6b52112243d2e46b07201b","Active","","","","","6a6b523948e278772e3ec34c","2026-07-30T13:31:37.066000","2026-08-03T15:45:20.151000","service_92a37121-6ef7-4fef-ab7b-b3be9c368479","false"
"","","17","false","","","","","","","","","[]","AutoZone CDC Denver","","6a6b52112243d2e46b07201b","Active","","","","","6a6b523948e278772e3ec355","2026-07-30T13:31:37.066000","2026-08-03T15:45:20.151000","service_92a37121-6ef7-4fef-ab7b-b3be9c368479","false"
"","","2","false","","","","BPO001","","","","","[]","BP Goodwill Lenasia","","6a6b52112243d2e46b07201b","Active","","","","","6a6b523948e278772e3ec357","2026-07-30T13:31:37.066000","2026-08-06T06:55:49.569000","service_92a37121-6ef7-4fef-ab7b-b3be9c368479","false"
"","","18","false","","","","","","","","","[]","CPT_Fairvest Macassar Mall","","6a6b52112243d2e46b07201b","Active","","","","","6a6b523948e278772e3ec35b","2026-07-30T13:31:37.066000","2026-08-03T15:45:20.151000","service_92a37121-6ef7-4fef-ab7b-b3be9c368479","false"
"","","48","false","","","12/7","STA020","","","","","[]","Fairprice Brits","","6a6b52112243d2e46b07201b","Active","","","","","6a6b523948e278772e3ec362","2026-07-30T13:31:37.066000","2026-08-06T06:55:49.569000","service_92a37121-6ef7-4fef-ab7b-b3be9c368479","false"
"","","7","false","Cross-platform duplicate (ID: 5, found in: DSS, DeepAlert)","","","","","","","","[]","Mimo Franco","","6a6b52112243d2e46b07201b","Active","","","","","6a6b523948e278772e3ec33f","2026-07-30T13:31:37.066000","2026-08-03T15:45:20.151000","service_92a37121-6ef7-4fef-ab7b-b3be9c368479","false"
"","","7","false","","","24/7","","","","","","[]","Stallion Centurion","","6a6b52112243d2e46b07201b","Active","","","","","6a6b523948e278772e3ec342","2026-07-30T13:31:37.066000","2026-08-06T06:49:05.476000","service_92a37121-6ef7-4fef-ab7b-b3be9c368479","false"
"","","15","false","","","","","","","","","[]","7 Links Crescent OSM","","6a6b52112243d2e46b07201b","Active","","","","","6a6b523948e278772e3ec353","2026-07-30T13:31:37.066000","2026-08-03T15:45:20.151000","service_92a37121-6ef7-4fef-ab7b-b3be9c368479","false"
"","","30","false","","","","STA020","","","","","[]","Actom Electrical OSM","","6a6b52112243d2e46b07201b","Active","","","","","6a6b523948e278772e3ec354","2026-07-30T13:31:37.066000","2026-08-06T06:55:49.569000","service_92a37121-6ef7-4fef-ab7b-b3be9c368479","false"
"","","41","false","","","","","","","","","[]","fair price Robetville","","6a6b52112243d2e46b07201b","Active","","","","","6a6b523948e278772e3ec361","2026-07-30T13:31:37.066000","2026-07-30T13:32:11.041000","service_92a37121-6ef7-4fef-ab7b-b3be9c368479","false"
"","","15","false","","","","","","","","","[]","FreedomWon","","6a6b52112243d2e46b07201b","Active","","","","","6a6b523948e278772e3ec347","2026-07-30T13:31:37.066000","2026-08-03T15:45:20.151000","service_92a37121-6ef7-4fef-ab7b-b3be9c368479","false"
"","","15","false","","","","","","","","","[]","Mr Clive Zulberg house","","6a6b52112243d2e46b07201b","Active","","","","","6a6b523948e278772e3ec34b","2026-07-30T13:31:37.066000","2026-08-03T15:45:20.151000","service_92a37121-6ef7-4fef-ab7b-b3be9c368479","false"
"","","30","false","","","","","","","","","[]","The Campus Blend Property Group","","6a6b52112243d2e46b07201b","Active","","","","","6a6b523948e278772e3ec34f","2026-07-30T13:31:37.066000","2026-08-03T15:45:20.151000","service_92a37121-6ef7-4fef-ab7b-b3be9c368479","false"
"","","10","false","","","","","","","","","[]","Middestad","","6a6b52112243d2e46b07201b","Active","","","","","6a6b523948e278772e3ec36b","2026-07-30T13:31:37.066000","2026-07-30T13:32:11.041000","service_92a37121-6ef7-4fef-ab7b-b3be9c368479","false"
"","","16","false","Cross-platform duplicate (ID: 8, found in: DSS, Lytehouse)","","24/7","100133","","","","","[]","REVIVE STEELDALE","","6a6b52112243d2e46b07201b","Active","","","","","6a6b523948e278772e3ec373","2026-07-30T13:31:37.066000","2026-08-06T06:55:49.569000","service_92a37121-6ef7-4fef-ab7b-b3be9c368479","false"
"","","16","false","","","","ARG001","","","","","[]","Agricon ZIM POC","","6a6b52112243d2e46b07201b","Active","","","","","6a6b523948e278772e3ec345","2026-07-30T13:31:37.066000","2026-08-06T06:55:49.569000","service_92a37121-6ef7-4fef-ab7b-b3be9c368479","false"
"","","11","false","","","","AUT002","","","","","[]","AutoZone FCT Epping","","6a6b52112243d2e46b07201b","Active","","","","","6a6b523948e278772e3ec356","2026-07-30T13:31:37.066000","2026-08-06T06:55:49.569000","service_92a37121-6ef7-4fef-ab7b-b3be9c368479","false"
"","","31","false","","","12/7","DEU001","","","","","[]","Deugro","","6a6b52112243d2e46b07201b","Active","","","","","6a6b523948e278772e3ec35d","2026-07-30T13:31:37.066000","2026-08-06T06:55:49.569000","service_92a37121-6ef7-4fef-ab7b-b3be9c368479","false"
"","","31","false","","","24/7","STA032","","","","","[]","165 WEST","","6a6b52112243d2e46b07201c","Active","","","","","6a6b523948e278772e3ec37a","2026-07-30T13:31:37.066000","2026-08-06T06:55:49.569000","service_92a37121-6ef7-4fef-ab7b-b3be9c368479","false"
"","","51","false","","","24/7","STA032","","","","","[]","HILL ON EMPIRE","","6a6b52112243d2e46b07201c","Active","","","","","6a6b523948e278772e3ec37b","2026-07-30T13:31:37.066000","2026-08-06T06:55:49.569000","service_92a37121-6ef7-4fef-ab7b-b3be9c368479","false"
"","","6","false","","","24/7","","","","","","[]","Yvonne House","","6a6b52112243d2e46b07201b","Active","","","","","6a6b523948e278772e3ec333","2026-07-30T13:31:37.066000","2026-08-06T06:49:05.476000","service_92a37121-6ef7-4fef-ab7b-b3be9c368479","false"
"","","12","false","","","","","","","","","[]","CanSmart","","6a6b52112243d2e46b07201b","Active","","","","","6a6b523948e278772e3ec336","2026-07-30T13:31:37.066000","2026-08-03T15:45:20.151000","service_92a37121-6ef7-4fef-ab7b-b3be9c368479","false"
"","","17","false","Cross-platform duplicate (ID: 3, found in: DSS, DeepAlert)","","","STA020","","","","","[]","Fair Price Newtown","","6a6b52112243d2e46b07201b","Active","","","","","6a6b523948e278772e3ec33a","2026-07-30T13:31:37.066000","2026-08-06T06:55:49.569000","service_92a37121-6ef7-4fef-ab7b-b3be9c368479","false"
"","","18","false","Cross-platform duplicate (ID: 6, found in: DSS, Lytehouse)","","12/7","","","","","","[]","Fairprice Roodekop","","6a6b52112243d2e46b07201b","Active","","","","","6a6b523948e278772e3ec364","2026-07-30T13:31:37.066000","2026-08-06T06:49:05.476000","service_92a37121-6ef7-4fef-ab7b-b3be9c368479","false"
"","","28","false","","","","","","","","","[]","REVIVE NVR 100","","6a6b52112243d2e46b07201b","Active","","","","","6a6b523948e278772e3ec371","2026-07-30T13:31:37.066000","2026-07-30T13:32:11.041000","service_92a37121-6ef7-4fef-ab7b-b3be9c368479","false"
"","","28","false","","","24/7","","","","","","[]","NORKEM","","6a6b52112243d2e46b07201c","Active","","","","","6a6b523948e278772e3ec379","2026-07-30T13:31:37.066000","2026-08-06T06:49:05.476000","service_92a37121-6ef7-4fef-ab7b-b3be9c368479","false"
"","","31","false","","","","","","","","","[]","Corruseal Roodeport 1 and 2","","6a6b52112243d2e46b07201b","Active","","","","","6a6b523948e278772e3ec337","2026-07-30T13:31:37.066000","2026-08-03T15:45:20.151000","service_92a37121-6ef7-4fef-ab7b-b3be9c368479","false"
"","","3","false","","","","","","","","","[]","Firstmile","","6a6b52112243d2e46b07201b","Active","","","","","6a6b523948e278772e3ec33c","2026-07-30T13:31:37.066000","2026-08-03T15:45:20.151000","service_92a37121-6ef7-4fef-ab7b-b3be9c368479","false"
"","","9","false","","","","","","","","","[]","Mrs_Zulburg","","6a6b52112243d2e46b07201b","Active","","","","","6a6b523948e278772e3ec344","2026-07-30T13:31:37.066000","2026-08-03T15:45:20.151000","service_92a37121-6ef7-4fef-ab7b-b3be9c368479","false"
"","","29","false","","","","","","","","","[]","Eyethu Lifestyle center","","6a6b52112243d2e46b07201b","Active","","","","","6a6b523948e278772e3ec346","2026-07-30T13:31:37.066000","2026-08-03T15:45:20.151000","service_92a37121-6ef7-4fef-ab7b-b3be9c368479","false"
"","","27","false","","","","","","","","","[]","Waterkloof","","6a6b52112243d2e46b07201b","Active","","","","","6a6b523948e278772e3ec350","2026-07-30T13:31:37.066000","2026-08-03T15:45:20.151000","service_92a37121-6ef7-4fef-ab7b-b3be9c368479","false"
"","","6","false","","","","","","","","","[]","George's house","","6a6b52112243d2e46b07201b","Active","","","","","6a6b523948e278772e3ec365","2026-07-30T13:31:37.066000","2026-07-30T13:32:11.041000","service_92a37121-6ef7-4fef-ab7b-b3be9c368479","false"
"","","18","false","","","","","","","","","[]","Inospace - Lanzerac Works","","6a6b52112243d2e46b07201b","Active","","","","","6a6b523948e278772e3ec366","2026-07-30T13:31:37.066000","2026-07-30T13:32:11.041000","service_92a37121-6ef7-4fef-ab7b-b3be9c368479","false"
"","","5","false","","","24/7","","","","","","[]","MONTE CIRCLE","","6a6b52112243d2e46b07201c","Active","","","","","6a6b523948e278772e3ec378","2026-07-30T13:31:37.066000","2026-08-06T06:49:05.476000","service_92a37121-6ef7-4fef-ab7b-b3be9c368479","false"
"","","25","false","","","24/7","STA032","","","","","[]","JACKAL CREEK","","6a6b52112243d2e46b07201c","Active","","","","","6a6b523948e278772e3ec37d","2026-07-30T13:31:37.066000","2026-08-06T06:55:49.569000","service_92a37121-6ef7-4fef-ab7b-b3be9c368479","false"
"","","41","false","","","24/7","","","","","","[]","SUIKERBOSSIE","","6a6b52112243d2e46b07201c","Active","","","","","6a6b523948e278772e3ec37e","2026-07-30T13:31:37.066000","2026-08-06T06:49:05.476000","service_92a37121-6ef7-4fef-ab7b-b3be9c368479","false"
"","","25","false","","","","","","","","","[]","Fair Price Brits","","6a6b52112243d2e46b07201b","Active","","","","","6a6b523948e278772e3ec339","2026-07-30T13:31:37.066000","2026-08-03T15:45:20.151000","service_92a37121-6ef7-4fef-ab7b-b3be9c368479","false"
"","","8","false","","","12/7","","","","","","[]","Broome Manor OSM","","6a6b52112243d2e46b07201b","Active","","","","","6a6b523948e278772e3ec358","2026-07-30T13:31:37.066000","2026-08-06T06:49:24.840000","service_92a37121-6ef7-4fef-ab7b-b3be9c368479","false"
"","","16","false","","","","","","","","","[]","REVIVE NVR 99","","6a6b52112243d2e46b07201b","Active","","","","","6a6b523948e278772e3ec372","2026-07-30T13:31:37.066000","2026-07-30T13:32:11.041000","service_92a37121-6ef7-4fef-ab7b-b3be9c368479","false"
"","","8","false","","","24/7","100325","","","","","[]","Zulberg Estate","","6a6b52112243d2e46b07201b","Active","","","","","6a6b523948e278772e3ec335","2026-07-30T13:31:37.066000","2026-08-06T06:55:49.569000","service_92a37121-6ef7-4fef-ab7b-b3be9c368479","false"
"","","14","false","Cross-platform duplicate (ID: 1, found in: DSS, DeepAlert)","","24/7","TAA001","","","","","[]","SUZUKI","","6a6b52112243d2e46b07201b","Active","","","","","6a6b523948e278772e3ec343","2026-07-30T13:31:37.066000","2026-08-06T06:55:49.569000","service_92a37121-6ef7-4fef-ab7b-b3be9c368479","false"
"","","10","false","","","12/7","","","","","","[]","Man-field Group OSM","","6a6b52112243d2e46b07201b","Active","","","","","6a6b523948e278772e3ec34a","2026-07-30T13:31:37.066000","2026-08-06T06:49:24.840000","service_92a37121-6ef7-4fef-ab7b-b3be9c368479","false"
"","","28","false","","","","OLX001","","","","","[]","Onelogix Sydney","","6a6b52112243d2e46b07201b","Active","","","","","6a6b523948e278772e3ec36e","2026-07-30T13:31:37.066000","2026-08-06T06:55:49.569000","service_92a37121-6ef7-4fef-ab7b-b3be9c368479","false"
"","","3","false","","","24/7","","","","","","[]","238 MAIN FRAME","","6a6b52112243d2e46b07201c","Active","","","","","6a6b523948e278772e3ec377","2026-07-30T13:31:37.066000","2026-08-06T06:49:05.476000","service_92a37121-6ef7-4fef-ab7b-b3be9c368479","false"
"","","43","false","","","24/7","","","","","","[]","WATERFALL WALK","","6a6b52112243d2e46b07201c","Active","","","","","6a6b523948e278772e3ec37f","2026-07-30T13:31:37.066000","2026-08-06T06:49:05.476000","service_92a37121-6ef7-4fef-ab7b-b3be9c368479","false"
"","","9","false","","","","","","","","","[]","Intraspeed Sparton OSM","","6a6b52112243d2e46b07201b","Active","","","","","6a6b523948e278772e3ec349","2026-07-30T13:31:37.066000","2026-08-03T15:45:20.151000","service_92a37121-6ef7-4fef-ab7b-b3be9c368479","false"
"","","3","false","","","","","","","","","[]","Wilec_KZN","","6a6b52112243d2e46b07201b","Active","","","","","6a6b523948e278772e3ec351","2026-07-30T13:31:37.066000","2026-08-03T15:45:20.151000","service_92a37121-6ef7-4fef-ab7b-b3be9c368479","false"
"","","2","false","","","","","","","","","[]","Engen Lenesia Nirvana","","6a6b52112243d2e46b07201b","Active","","","","","6a6b523948e278772e3ec35e","2026-07-30T13:31:37.066000","2026-08-03T15:45:20.151000","service_92a37121-6ef7-4fef-ab7b-b3be9c368479","false"
"","","15","false","","","","","","","","","[]","Cosmo City","","6a6b52112243d2e46b07201b","Active","","","","","6a6b523948e278772e3ec360","2026-07-30T13:31:37.066000","2026-07-30T13:32:11.041000","service_92a37121-6ef7-4fef-ab7b-b3be9c368479","false"
"","","14","false","Cross-platform duplicate (ID: 7, found in: DSS, Lytehouse)","","","100133","","","","","[]","REVIVE 555","","6a6b52112243d2e46b07201b","Active","","","","","6a6b523948e278772e3ec36f","2026-07-30T13:31:37.066000","2026-08-06T06:55:49.569000","service_92a37121-6ef7-4fef-ab7b-b3be9c368479","false"
"","","3","false","","","","","","","","","[]","Setona","","6a6b52112243d2e46b07201b","Active","","","","","6a6b523948e278772e3ec34d","2026-07-30T13:31:37.066000","2026-08-03T15:45:20.151000","service_92a37121-6ef7-4fef-ab7b-b3be9c368479","false"
"","","12","false","","","12/7","","","","","","[]","22 Alexandra Fresnaye OSM","","6a6b52112243d2e46b07201b","Active","","","","","6a6b523948e278772e3ec352","2026-07-30T13:31:37.066000","2026-08-06T06:49:24.840000","service_92a37121-6ef7-4fef-ab7b-b3be9c368479","false"
"","","10","false","","","","","","","","","[]","Waterkloof - mobcam","","6a6b52112243d2e46b07201b","Active","","","","","6a6b523948e278772e3ec35f","2026-07-30T13:31:37.066000","2026-08-03T15:45:20.151000","service_92a37121-6ef7-4fef-ab7b-b3be9c368479","false"
"","","29","false","","","","","","","","","[]","Normet Africa","","6a6b52112243d2e46b07201b","Active","","","","","6a6b523948e278772e3ec36c","2026-07-30T13:31:37.066000","2026-07-30T13:32:11.041000","service_92a37121-6ef7-4fef-ab7b-b3be9c368479","false"
"","","40","false","","","","OLX001","","","","","[]","Onelogix Bayhead","","6a6b52112243d2e46b07201b","Active","","","","","6a6b523948e278772e3ec36d","2026-07-30T13:31:37.066000","2026-08-06T06:55:49.569000","service_92a37121-6ef7-4fef-ab7b-b3be9c368479","false"
"","","45","false","","","24/7","STA032","","","","","[]","THE REEF","","6a6b52112243d2e46b07201c","Active","","","","","6a6b523948e278772e3ec37c","2026-07-30T13:31:37.066000","2026-08-06T06:55:49.569000","service_92a37121-6ef7-4fef-ab7b-b3be9c368479","false"
"","","29","false","","","","","","","","","[]","Gina_at_Works","","6a6b52112243d2e46b07201b","Active","","","","","6a6b523948e278772e3ec33d","2026-07-30T13:31:37.066000","2026-08-03T15:45:20.151000","service_92a37121-6ef7-4fef-ab7b-b3be9c368479","false"
"","","19","false","","","12/7","","","","","","[]","Fairprice Newtown","","6a6b52112243d2e46b07201b","Archived","","","","","6a6b523948e278772e3ec363","2026-07-30T13:31:37.066000","2026-08-06T14:13:05.141000","service_92a37121-6ef7-4fef-ab7b-b3be9c368479","false"
"","","4","false","","","","","","","","","[]","Inospace - Malibongwe Exchange","","6a6b52112243d2e46b07201b","Active","","","","","6a6b523948e278772e3ec367","2026-07-30T13:31:37.066000","2026-07-30T13:32:11.041000","service_92a37121-6ef7-4fef-ab7b-b3be9c368479","false"
"","","32","false","","","","","","","","","[]","Inospace olympia works","","6a6b52112243d2e46b07201b","Active","","","","","6a6b523948e278772e3ec36a","2026-07-30T13:31:37.066000","2026-07-30T13:32:11.041000","service_92a37121-6ef7-4fef-ab7b-b3be9c368479","false"
"","","22","false","","","24/7","STA020","","","","","[]","Corruseal Wadeville","","6a6b52112243d2e46b07201b","Active","","","","","6a6b523948e278772e3ec359","2026-07-30T13:31:37.066000","2026-08-06T06:55:49.569000","service_92a37121-6ef7-4fef-ab7b-b3be9c368479","false"
"","","15","false","Cross-platform duplicate (ID: 4, found in: DSS, DeepAlert)","","","","","","","","[]","Fair Price Roodekop","","6a6b52112243d2e46b07201b","Active","","","","","6a6b523948e278772e3ec33b","2026-07-30T13:31:37.066000","2026-08-03T15:45:20.151000","service_92a37121-6ef7-4fef-ab7b-b3be9c368479","false"
"","","5","false","","","12/7","100634","","","","","[]","TakeAlot Springs","","6a6b52112243d2e46b07201b","Active","","","","","6a6b523948e278772e3ec34e","2026-07-30T13:31:37.066000","2026-08-06T06:55:49.569000","service_92a37121-6ef7-4fef-ab7b-b3be9c368479","false"
"","","3","false","","","","","","","","","[]","CPT Aerobotics OSM","","6a6b52112243d2e46b07201b","Active","","","","","6a6b523948e278772e3ec35a","2026-07-30T13:31:37.066000","2026-08-03T15:45:20.151000","service_92a37121-6ef7-4fef-ab7b-b3be9c368479","false"
"","","3","false","","","24/7","","","","","","[]","David Joseph","","6a6b52112243d2e46b07201b","Active","","","","","6a6b523948e278772e3ec35c","2026-07-30T13:31:37.066000","2026-08-06T06:49:05.476000","service_92a37121-6ef7-4fef-ab7b-b3be9c368479","false"
"","","2","false","","","","","","","","","[]","Wilec - 29 industry road","","6a6b52112243d2e46b07201b","Active","","","","","6a6b523948e278772e3ec330","2026-07-30T13:31:37.065000","2026-08-03T15:45:20.151000","service_92a37121-6ef7-4fef-ab7b-b3be9c368479","false"
"","","5","false","","","","","","","","","[]","UD Trucks Rossyln API Side","","6a6b52112243d2e46b07201b","Active","","","","","6a6b523948e278772e3ec32a","2026-07-30T13:31:37.065000","2026-08-03T15:45:20.151000","service_92a37121-6ef7-4fef-ab7b-b3be9c368479","false"
"","","22","false","","","12/7","STA020","","","","","[]","Wispeco Alrode","","6a6b52112243d2e46b07201b","Active","","","","","6a6b523948e278772e3ec331","2026-07-30T13:31:37.065000","2026-08-06T06:55:49.569000","service_92a37121-6ef7-4fef-ab7b-b3be9c368479","false"
"","","26","false","","","","","","","","","[]","UD Trucks Rosslyn","","6a6b52112243d2e46b07201b","Active","","","","","6a6b523948e278772e3ec329","2026-07-30T13:31:37.065000","2026-08-03T15:45:20.151000","service_92a37121-6ef7-4fef-ab7b-b3be9c368479","false"
"","","4","false","","","","","","","","","[]","Villa_Franche1","","6a6b52112243d2e46b07201b","Active","","","","","6a6b523948e278772e3ec32e","2026-07-30T13:31:37.065000","2026-08-03T15:45:20.151000","service_92a37121-6ef7-4fef-ab7b-b3be9c368479","false"
"","","7","false","","","","","","","","","[]","Victory_Park","","6a6b52112243d2e46b07201b","Active","","","","","6a6b523948e278772e3ec32d","2026-07-30T13:31:37.065000","2026-08-03T15:45:20.151000","service_92a37121-6ef7-4fef-ab7b-b3be9c368479","false"
"","","3","false","","","","","","","","","[]","Wilec - 28 Main Road","","6a6b52112243d2e46b07201b","Active","","","","","6a6b523948e278772e3ec32f","2026-07-30T13:31:37.065000","2026-08-03T15:45:20.151000","service_92a37121-6ef7-4fef-ab7b-b3be9c368479","false"
"","","7","false","","","24/7","","","","","","[]","Twickenham Park","","6a6b52112243d2e46b07201b","Active","","","","","6a6b523948e278772e3ec328","2026-07-30T13:31:37.065000","2026-08-06T06:49:05.476000","service_92a37121-6ef7-4fef-ab7b-b3be9c368479","false"
"","","15","false","","","12/7","","","","","","[]","V Tech","","6a6b52112243d2e46b07201b","Active","","","","","6a6b523948e278772e3ec32b","2026-07-30T13:31:37.065000","2026-08-06T06:49:05.476000","service_92a37121-6ef7-4fef-ab7b-b3be9c368479","false"
"","","32","false","","","","STA020","","","","","[]","Vangate Mall","","6a6b52112243d2e46b07201b","Active","","","","","6a6b523948e278772e3ec32c","2026-07-30T13:31:37.065000","2026-08-06T06:55:49.569000","service_92a37121-6ef7-4fef-ab7b-b3be9c368479","false"
"","","3","false","","","","","","","","","[]","Sandringham High School","","6a6b52112243d2e46b07201b","Active","","","","","6a6b52384577c6c0354a539e","2026-07-30T13:31:36.815000","2026-08-03T15:45:20.151000","service_92a37121-6ef7-4fef-ab7b-b3be9c368479","false"
"","","134","false","","","","","","","","","[]","The Neighbourhood","","6a6b52112243d2e46b07201b","Active","","","","","6a6b52384577c6c0354a53a7","2026-07-30T13:31:36.815000","2026-08-03T15:45:20.151000","service_92a37121-6ef7-4fef-ab7b-b3be9c368479","false"
"","","8","false","","","12/7","","","","","","[]","Spartan Centurion","","6a6b52112243d2e46b07201b","Active","","","","","6a6b52384577c6c0354a53a2","2026-07-30T13:31:36.815000","2026-08-06T06:49:05.476000","service_92a37121-6ef7-4fef-ab7b-b3be9c368479","false"
"","","8","false","","","12/7","","","","","","[]","Spartan Truck KZN","","6a6b52112243d2e46b07201b","Active","","","","","6a6b52384577c6c0354a53a3","2026-07-30T13:31:36.815000","2026-08-06T06:49:05.476000","service_92a37121-6ef7-4fef-ab7b-b3be9c368479","false"
"","","10","false","","","","","","","","","[]","Satchwell Energy Solutions ACTOM","","6a6b52112243d2e46b07201b","Active","","","","","6a6b52384577c6c0354a539f","2026-07-30T13:31:36.815000","2026-08-03T15:45:20.151000","service_92a37121-6ef7-4fef-ab7b-b3be9c368479","false"
"","","37","false","","","","STA032","","","","","[]","Suikerbossie Estate","","6a6b52112243d2e46b07201b","Active","","","","","6a6b52384577c6c0354a53a5","2026-07-30T13:31:36.815000","2026-08-06T06:55:49.569000","service_92a37121-6ef7-4fef-ab7b-b3be9c368479","false"
"","","2","false","","","","100266","","","","","[]","Tuscany Grove","","6a6b52112243d2e46b07201b","Active","","","","","6a6b52384577c6c0354a53a9","2026-07-30T13:31:36.815000","2026-08-06T06:55:49.569000","service_92a37121-6ef7-4fef-ab7b-b3be9c368479","false"
"","","8","false","","","12/7","100599","","","","","[]","Simply Delish","","6a6b52112243d2e46b07201b","Active","","","","","6a6b52384577c6c0354a53a0","2026-07-30T13:31:36.815000","2026-08-06T06:55:49.569000","service_92a37121-6ef7-4fef-ab7b-b3be9c368479","false"
"","","5","false","","","","","","","","","[]","Roy Silver-146-Kloof","","6a6b52112243d2e46b07201b","Active","","","","","6a6b52384577c6c0354a539d","2026-07-30T13:31:36.815000","2026-08-03T15:45:20.151000","service_92a37121-6ef7-4fef-ab7b-b3be9c368479","false"
"","","3","false","","","","","","","","","[]","Trencon Contruction","","6a6b52112243d2e46b07201b","Active","","","","","6a6b52384577c6c0354a53a8","2026-07-30T13:31:36.815000","2026-08-03T15:45:20.151000","service_92a37121-6ef7-4fef-ab7b-b3be9c368479","false"
"","","11","false","","","","","","","","","[]","Table Bay Cold Store_TBCS","","6a6b52112243d2e46b07201b","Active","","","","","6a6b52384577c6c0354a53a6","2026-07-30T13:31:36.815000","2026-08-03T15:45:20.151000","service_92a37121-6ef7-4fef-ab7b-b3be9c368479","false"
"","","3","false","","","","","","","","","[]","Something Special 12 hrs","","6a6b52112243d2e46b07201b","Active","","","","","6a6b52384577c6c0354a53a1","2026-07-30T13:31:36.815000","2026-08-03T15:45:20.151000","service_92a37121-6ef7-4fef-ab7b-b3be9c368479","false"
"","","9","false","","","","","","","","","[]","Spartan TruckHire Montague","","6a6b52112243d2e46b07201b","Active","","","","","6a6b52384577c6c0354a53a4","2026-07-30T13:31:36.815000","2026-08-03T15:45:20.151000","service_92a37121-6ef7-4fef-ab7b-b3be9c368479","false"
"","","8","false","","","24/7","","","","","","[]","73A Fir Drive","","6a6b52112243d2e46b07201b","Active","","","","","6a6b52384577c6c0354a5362","2026-07-30T13:31:36.814000","2026-08-06T06:49:05.476000","service_92a37121-6ef7-4fef-ab7b-b3be9c368479","false"
"","","3","false","","","","","","","","","[]","FairPrice Robertsville","","6a6b52112243d2e46b07201b","Active","","","","","6a6b52384577c6c0354a537f","2026-07-30T13:31:36.814000","2026-08-03T15:45:20.151000","service_92a37121-6ef7-4fef-ab7b-b3be9c368479","false"
"","","21","false","","","","","","","","","[]","JamesDey New","","6a6b52112243d2e46b07201b","Active","","","","","6a6b52384577c6c0354a5389","2026-07-30T13:31:36.814000","2026-08-03T15:45:20.151000","service_92a37121-6ef7-4fef-ab7b-b3be9c368479","false"
"","","6","false","","","","","","","","","[]","Linksfield Palace","","6a6b52112243d2e46b07201b","Active","","","","","6a6b52384577c6c0354a538c","2026-07-30T13:31:36.814000","2026-08-03T15:45:20.151000","service_92a37121-6ef7-4fef-ab7b-b3be9c368479","false"
"","","6","false","","","","","","","","","[]","Mr Delivery - Lyndhurst","","6a6b52112243d2e46b07201b","Active","","","","","6a6b52384577c6c0354a5390","2026-07-30T13:31:36.814000","2026-08-03T15:45:20.151000","service_92a37121-6ef7-4fef-ab7b-b3be9c368479","false"
"","","6","false","","","24/7","100450","","","","","[]","Nathan Family","","6a6b52112243d2e46b07201b","Active","","","","","6a6b52384577c6c0354a5392","2026-07-30T13:31:36.814000","2026-08-06T06:55:49.569000","service_92a37121-6ef7-4fef-ab7b-b3be9c368479","false"
"","","21","false","","","","","","","","","[]","Randaid Assosiation HUB","","6a6b52112243d2e46b07201b","Active","","","","","6a6b52384577c6c0354a5398","2026-07-30T13:31:36.814000","2026-08-03T15:45:20.151000","service_92a37121-6ef7-4fef-ab7b-b3be9c368479","false"
"","","3","false","","","","","","","","","[]","Richard Lurie - 19 Africa","","6a6b52112243d2e46b07201b","Active","","","","","6a6b52384577c6c0354a5399","2026-07-30T13:31:36.814000","2026-08-03T15:45:20.151000","service_92a37121-6ef7-4fef-ab7b-b3be9c368479","false"
"","","9","false","","","","","","","","","[]","Brima Logistics_","","6a6b52112243d2e46b07201b","Active","","","","","6a6b52384577c6c0354a536d","2026-07-30T13:31:36.814000","2026-08-03T15:45:20.151000","service_92a37121-6ef7-4fef-ab7b-b3be9c368479","false"
"","","8","false","","","","","","","","","[]","OFS KimPark POC","","6a6b52112243d2e46b07201b","Active","","","","","6a6b52384577c6c0354a5394","2026-07-30T13:31:36.814000","2026-08-03T15:45:20.151000","service_92a37121-6ef7-4fef-ab7b-b3be9c368479","false"
"","","14","false","","","","","","","","","[]","Rocklands_ofs","","6a6b52112243d2e46b07201b","Active","","","","","6a6b52384577c6c0354a539b","2026-07-30T13:31:36.814000","2026-08-03T15:45:20.151000","service_92a37121-6ef7-4fef-ab7b-b3be9c368479","false"
"","","3","false","","","12/7","100125","","","","","[]","9 MONTROSE","","6a6b52112243d2e46b07201b","Active","","","","","6a6b52384577c6c0354a5364","2026-07-30T13:31:36.814000","2026-08-06T06:55:49.569000","service_92a37121-6ef7-4fef-ab7b-b3be9c368479","false"
"","","17","false","","","","","","","","","[]","Corruseal_boksburg","","6a6b52112243d2e46b07201b","Active","","","","","6a6b52384577c6c0354a5371","2026-07-30T13:31:36.814000","2026-08-03T15:45:20.151000","service_92a37121-6ef7-4fef-ab7b-b3be9c368479","false"
"","","7","false","","","","","","","","","[]","Kaliber HuB","","6a6b52112243d2e46b07201b","Active","","","","","6a6b52384577c6c0354a538a","2026-07-30T13:31:36.814000","2026-08-03T15:45:20.151000","service_92a37121-6ef7-4fef-ab7b-b3be9c368479","false"
"","","15","false","","","12/7","STA020","","","","","[]","Corruseal KZN","","6a6b52112243d2e46b07201b","Active","","","","","6a6b52384577c6c0354a536f","2026-07-30T13:31:36.814000","2026-08-06T06:55:49.569000","service_92a37121-6ef7-4fef-ab7b-b3be9c368479","false"
"","","9","false","","","","","","","","","[]","CPT-Dormel Properties","","6a6b52112243d2e46b07201b","Active","","","","","6a6b52384577c6c0354a5377","2026-07-30T13:31:36.814000","2026-08-03T15:45:20.151000","service_92a37121-6ef7-4fef-ab7b-b3be9c368479","false"
"","","7","false","","","","","","","","","[]","Eagle_Ink","","6a6b52112243d2e46b07201b","Active","","","","","6a6b52384577c6c0354a537c","2026-07-30T13:31:36.814000","2026-08-03T15:45:20.151000","service_92a37121-6ef7-4fef-ab7b-b3be9c368479","false"
"","","15","false","","","","","","","","","[]","Egoli East Hub","","6a6b52112243d2e46b07201b","Active","","","","","6a6b52384577c6c0354a537d","2026-07-30T13:31:36.814000","2026-08-03T15:45:20.151000","service_92a37121-6ef7-4fef-ab7b-b3be9c368479","false"
"","","4","false","","","24/7","","","","","","[]","Hardhats HoneyDew","","6a6b52112243d2e46b07201b","Active","","","","","6a6b52384577c6c0354a5384","2026-07-30T13:31:36.814000","2026-08-06T06:49:05.476000","service_92a37121-6ef7-4fef-ab7b-b3be9c368479","false"
"","","4","false","","","","","","","","","[]","Hardhats_Centurion","","6a6b52112243d2e46b07201b","Active","","","","","6a6b52384577c6c0354a5386","2026-07-30T13:31:36.814000","2026-08-03T15:45:20.151000","service_92a37121-6ef7-4fef-ab7b-b3be9c368479","false"
"","","5","false","","","","","","","","","[]","Amberwoods","","6a6b52112243d2e46b07201b","Active","","","","","6a6b52384577c6c0354a5369","2026-07-30T13:31:36.814000","2026-08-03T15:45:20.151000","service_92a37121-6ef7-4fef-ab7b-b3be9c368479","false"
"","","6","false","","","","","","","","","[]","CPT_Continental_Linen","","6a6b52112243d2e46b07201b","Active","","","","","6a6b52384577c6c0354a5376","2026-07-30T13:31:36.814000","2026-08-03T15:45:20.151000","service_92a37121-6ef7-4fef-ab7b-b3be9c368479","false"
"","","13","false","","","24/7","MSC002","","","","","[]","Makoya Mines","","6a6b52112243d2e46b07201b","Active","","","","","6a6b52384577c6c0354a538f","2026-07-30T13:31:36.814000","2026-08-06T06:55:49.569000","service_92a37121-6ef7-4fef-ab7b-b3be9c368479","false"
"","","10","false","","","24/7","","","","","","[]","80 Strand","","6a6b52112243d2e46b07201b","Active","","","","","6a6b52384577c6c0354a5363","2026-07-30T13:31:36.814000","2026-08-06T06:49:05.476000","service_92a37121-6ef7-4fef-ab7b-b3be9c368479","false"
"","","4","false","","","","","","","","","[]","Abeddac Dam","","6a6b52112243d2e46b07201b","Active","","","","","6a6b52384577c6c0354a5366","2026-07-30T13:31:36.814000","2026-08-03T15:45:20.151000","service_92a37121-6ef7-4fef-ab7b-b3be9c368479","false"
"","","3","false","","","","","","","","","[]","Darryl Myers HUB","","6a6b52112243d2e46b07201b","Active","","","","","6a6b52384577c6c0354a5378","2026-07-30T13:31:36.814000","2026-08-03T15:45:20.151000","service_92a37121-6ef7-4fef-ab7b-b3be9c368479","false"
"","","8","false","","","","","","","","","[]","OFS Middestad POC","","6a6b52112243d2e46b07201b","Active","","","","","6a6b52384577c6c0354a5395","2026-07-30T13:31:36.814000","2026-08-03T15:45:20.151000","service_92a37121-6ef7-4fef-ab7b-b3be9c368479","false"
"","","5","false","","","","","","","","","[]","Cpt Nettleton 03-Pengilly 151","","6a6b52112243d2e46b07201b","Active","","","","","6a6b52384577c6c0354a5373","2026-07-30T13:31:36.814000","2026-08-03T15:45:20.151000","service_92a37121-6ef7-4fef-ab7b-b3be9c368479","false"
"","","8","false","","","24/7","100456","","","","","[]","Gruver Res","","6a6b52112243d2e46b07201b","Active","","","","","6a6b52384577c6c0354a5382","2026-07-30T13:31:36.814000","2026-08-06T06:55:49.569000","service_92a37121-6ef7-4fef-ab7b-b3be9c368479","false"
"","","5","false","","","","","","","","","[]","Hardhats_Edenvale","","6a6b52112243d2e46b07201b","Active","","","","","6a6b52384577c6c0354a5387","2026-07-30T13:31:36.814000","2026-08-03T15:45:20.151000","service_92a37121-6ef7-4fef-ab7b-b3be9c368479","false"
"","","13","false","","","24/7","","","","","","[]","Intraspeed","","6a6b52112243d2e46b07201b","Active","","","","","6a6b52384577c6c0354a5388","2026-07-30T13:31:36.814000","2026-08-06T06:49:05.476000","service_92a37121-6ef7-4fef-ab7b-b3be9c368479","false"
"","","8","false","","","24/7","","","","","","[]","Nettleton 157","","6a6b52112243d2e46b07201b","Active","","","","","6a6b52384577c6c0354a5393","2026-07-30T13:31:36.814000","2026-08-06T06:49:05.476000","service_92a37121-6ef7-4fef-ab7b-b3be9c368479","false"
"","","11","false","","","","","","","","","[]","65th on fifth","","6a6b52112243d2e46b07201b","Active","","","","","6a6b52384577c6c0354a5361","2026-07-30T13:31:36.814000","2026-08-03T15:45:20.151000","service_92a37121-6ef7-4fef-ab7b-b3be9c368479","false"
"","","13","false","","","","","","","","","[]","Gunnebo HUB","","6a6b52112243d2e46b07201b","Active","","","","","6a6b52384577c6c0354a5383","2026-07-30T13:31:36.814000","2026-08-03T15:45:20.151000","service_92a37121-6ef7-4fef-ab7b-b3be9c368479","false"
"","","15","false","","","","","","","","","[]","Baroque_","","6a6b52112243d2e46b07201b","Active","","","","","6a6b52384577c6c0354a536b","2026-07-30T13:31:36.814000","2026-08-03T15:45:20.151000","service_92a37121-6ef7-4fef-ab7b-b3be9c368479","false"
"","","5","false","","","12/7","C00164","","","","","[]","CPT Nettleton 153","","6a6b52112243d2e46b07201b","Active","","","","","6a6b52384577c6c0354a5374","2026-07-30T13:31:36.814000","2026-08-06T06:55:49.569000","service_92a37121-6ef7-4fef-ab7b-b3be9c368479","false"
"","","7","false","","","","","","","","","[]","Digital Generation new","","6a6b52112243d2e46b07201b","Active","","","","","6a6b52384577c6c0354a5379","2026-07-30T13:31:36.814000","2026-08-03T15:45:20.151000","service_92a37121-6ef7-4fef-ab7b-b3be9c368479","false"
"","","11","false","","","","","","","","","[]","Exoweld-","","6a6b52112243d2e46b07201b","Active","","","","","6a6b52384577c6c0354a537e","2026-07-30T13:31:36.814000","2026-08-03T15:45:20.151000","service_92a37121-6ef7-4fef-ab7b-b3be9c368479","false"
"","","5","false","","","24/7","","","","","","[]","Litz Residence","","6a6b52112243d2e46b07201b","Active","","","","","6a6b52384577c6c0354a538d","2026-07-30T13:31:36.814000","2026-08-06T06:49:05.476000","service_92a37121-6ef7-4fef-ab7b-b3be9c368479","false"
"","","5","false","","","","AUT002","","","","","[]","Autozone KZN","","6a6b52112243d2e46b07201b","Active","","","","","6a6b52384577c6c0354a536a","2026-07-30T13:31:36.814000","2026-08-06T06:55:49.569000","service_92a37121-6ef7-4fef-ab7b-b3be9c368479","false"
"","","5","false","","","","","","","","","[]","CPT Teljoy warehouse","","6a6b52112243d2e46b07201b","Active","","","","","6a6b52384577c6c0354a5375","2026-07-30T13:31:36.814000","2026-08-03T15:45:20.151000","service_92a37121-6ef7-4fef-ab7b-b3be9c368479","false"
"","","5","false","","","24/7","100206","","","","","[]","Hardhats Klerksdorp","","6a6b52112243d2e46b07201b","Active","","","","","6a6b52384577c6c0354a5385","2026-07-30T13:31:36.814000","2026-08-06T06:55:49.569000","service_92a37121-6ef7-4fef-ab7b-b3be9c368479","false"
"","","12","false","","","","","","","","","[]","FTTX HUB","","6a6b52112243d2e46b07201b","Active","","","","","6a6b52384577c6c0354a5380","2026-07-30T13:31:36.814000","2026-08-03T15:45:20.151000","service_92a37121-6ef7-4fef-ab7b-b3be9c368479","false"
"","","4","false","","","24/7","","","","","","[]","Main Straight","","6a6b52112243d2e46b07201b","Active","","","","","6a6b52384577c6c0354a538e","2026-07-30T13:31:36.814000","2026-08-06T06:49:05.476000","service_92a37121-6ef7-4fef-ab7b-b3be9c368479","false"
"","","9","false","","","","","","","","","[]","Press Products","","6a6b52112243d2e46b07201b","Active","","","","","6a6b52384577c6c0354a5397","2026-07-30T13:31:36.814000","2026-08-03T15:45:20.151000","service_92a37121-6ef7-4fef-ab7b-b3be9c368479","false"
"","","2","false","","","","","","","","","[]","Abbedac_Group","","6a6b52112243d2e46b07201b","Active","","","","","6a6b52384577c6c0354a5365","2026-07-30T13:31:36.814000","2026-08-03T15:45:20.151000","service_92a37121-6ef7-4fef-ab7b-b3be9c368479","false"
"","","8","false","","","","","","","","","[]","CPT MED PARK HUB","","6a6b52112243d2e46b07201b","Active","","","","","6a6b52384577c6c0354a5372","2026-07-30T13:31:36.814000","2026-08-03T15:45:20.151000","service_92a37121-6ef7-4fef-ab7b-b3be9c368479","false"
"","","13","false","","","24/7","","","","","","[]","Doctor John","","6a6b52112243d2e46b07201b","Active","","","","","6a6b52384577c6c0354a537b","2026-07-30T13:31:36.814000","2026-08-06T06:49:05.476000","service_92a37121-6ef7-4fef-ab7b-b3be9c368479","false"
"","","6","false","","","","100432","","","","","[]","Rosen Residence","","6a6b52112243d2e46b07201b","Active","","","","","6a6b52384577c6c0354a539c","2026-07-30T13:31:36.814000","2026-08-06T06:55:49.569000","service_92a37121-6ef7-4fef-ab7b-b3be9c368479","false"
"","","16","false","","","","","","","","","[]","Bellavista","","6a6b52112243d2e46b07201b","Active","","","","","6a6b52384577c6c0354a536c","2026-07-30T13:31:36.814000","2026-08-03T15:45:20.151000","service_92a37121-6ef7-4fef-ab7b-b3be9c368479","false"
"","","14","false","","","24/7","STA020","","","","","[]","Corruseal Rosslyn","","6a6b52112243d2e46b07201b","Active","","","","","6a6b52384577c6c0354a5370","2026-07-30T13:31:36.814000","2026-08-06T06:55:49.569000","service_92a37121-6ef7-4fef-ab7b-b3be9c368479","false"
"","","2","false","","","","","","","","","[]","MTN SHOP 71 EAST RAND MALL HUB","","6a6b52112243d2e46b07201b","Active","","","","","6a6b52384577c6c0354a5391","2026-07-30T13:31:36.814000","2026-08-03T15:45:20.151000","service_92a37121-6ef7-4fef-ab7b-b3be9c368479","false"
"","","14","false","","","","","","","","","[]","Ricoh_12 hrs","","6a6b52112243d2e46b07201b","Active","","","","","6a6b52384577c6c0354a539a","2026-07-30T13:31:36.814000","2026-08-03T15:45:20.151000","service_92a37121-6ef7-4fef-ab7b-b3be9c368479","false"
"","","3","false","","","24/7","","","","","","[]","Alchemy","","6a6b52112243d2e46b07201b","Active","","","","","6a6b52384577c6c0354a5367","2026-07-30T13:31:36.814000","2026-08-06T06:49:05.476000","service_92a37121-6ef7-4fef-ab7b-b3be9c368479","false"
"","","10","false","","","","","","","","","[]","Alloy Magnetics HUB","","6a6b52112243d2e46b07201b","Active","","","","","6a6b52384577c6c0354a5368","2026-07-30T13:31:36.814000","2026-08-03T15:45:20.151000","service_92a37121-6ef7-4fef-ab7b-b3be9c368479","false"
"","","9","false","","","","","","","","","[]","Caversham_","","6a6b52112243d2e46b07201b","Active","","","","","6a6b52384577c6c0354a536e","2026-07-30T13:31:36.814000","2026-08-03T15:45:20.151000","service_92a37121-6ef7-4fef-ab7b-b3be9c368479","false"
"","","23","false","Cross-platform duplicate (ID: 2, found in: DSS, DeepAlert)","","12/7","100125","","","","","[]","Discount Group","","6a6b52112243d2e46b07201b","Active","","","","","6a6b52384577c6c0354a537a","2026-07-30T13:31:36.814000","2026-08-06T06:55:49.569000","service_92a37121-6ef7-4fef-ab7b-b3be9c368479","false"
"","","5","false","","","12/7","","","","","","[]","Goscor Cleaning CPT","","6a6b52112243d2e46b07201b","Active","","","","","6a6b52384577c6c0354a5381","2026-07-30T13:31:36.814000","2026-08-06T06:49:05.476000","service_92a37121-6ef7-4fef-ab7b-b3be9c368479","false"
"","","6","false","","","24/7","","","","","","[]","Les Chateaux","","6a6b52112243d2e46b07201b","Active","","","","","6a6b52384577c6c0354a538b","2026-07-30T13:31:36.814000","2026-08-06T06:49:05.476000","service_92a37121-6ef7-4fef-ab7b-b3be9c368479","false"
"","","13","false","","","","","","","","","[]","park_lane","","6a6b52112243d2e46b07201b","Active","","","","","6a6b52384577c6c0354a5396","2026-07-30T13:31:36.814000","2026-08-03T15:45:20.151000","service_92a37121-6ef7-4fef-ab7b-b3be9c368479","false"
"","","1","false","","","","","","","","","[]","Motus Camera9","","6a6b52112243d2e46b072019","Active","","","","","6a6b52384577c6c0354a5346","2026-07-30T13:31:36.813000","2026-07-30T13:32:11.757000","service_92a37121-6ef7-4fef-ab7b-b3be9c368479","false"
"","","1","false","","","","","","","","","[]","Motus Camera2","","6a6b52112243d2e46b072019","Active","","","","","6a6b52384577c6c0354a534a","2026-07-30T13:31:36.813000","2026-07-30T13:32:11.757000","service_92a37121-6ef7-4fef-ab7b-b3be9c368479","false"
"","","15","false","","","24/7","","","","","","[]","21 Aspen","","6a6b52112243d2e46b07201b","Active","","","","","6a6b52384577c6c0354a535d","2026-07-30T13:31:36.813000","2026-08-06T06:49:05.476000","service_92a37121-6ef7-4fef-ab7b-b3be9c368479","false"
"","","4","false","","","","","","","","","[]","Gina Doors","","6a6b52112243d2e46b072019","Active","","","","","6a6b52384577c6c0354a5335","2026-07-30T13:31:36.813000","2026-07-30T13:32:11.757000","service_92a37121-6ef7-4fef-ab7b-b3be9c368479","false"
"","","1","false","","","","","","","","","[]","32 Napier Camera 4","","6a6b52112243d2e46b072019","Active","","","","","6a6b52384577c6c0354a5342","2026-07-30T13:31:36.813000","2026-07-30T13:32:11.757000","service_92a37121-6ef7-4fef-ab7b-b3be9c368479","false"
"","","1","false","","","","","","","","","[]","Easigas Alrode Gate","","6a6b52112243d2e46b072019","Active","","","","","6a6b52384577c6c0354a5344","2026-07-30T13:31:36.813000","2026-07-30T13:32:11.757000","service_92a37121-6ef7-4fef-ab7b-b3be9c368479","false"
"","","1","false","","","","","","","","","[]","Motus Camera3","","6a6b52112243d2e46b072019","Active","","","","","6a6b52384577c6c0354a534b","2026-07-30T13:31:36.813000","2026-07-30T13:32:11.757000","service_92a37121-6ef7-4fef-ab7b-b3be9c368479","false"
"","","2","false","","","","","","","","","[]","Perimeter 4 (Audio _Activate)","","6a6b52112243d2e46b072019","Active","","","","","6a6b52384577c6c0354a533a","2026-07-30T13:31:36.813000","2026-07-30T13:32:11.757000","service_92a37121-6ef7-4fef-ab7b-b3be9c368479","false"
"","","1","false","","","","","","","","","[]","Motus Camera 11","","6a6b52112243d2e46b072019","Active","","","","","6a6b52384577c6c0354a5350","2026-07-30T13:31:36.813000","2026-07-30T13:32:11.757000","service_92a37121-6ef7-4fef-ab7b-b3be9c368479","false"
"","","2","false","","","","","","","","","[]","normet","","6a6b52112243d2e46b072019","Active","","","","","6a6b52384577c6c0354a5337","2026-07-30T13:31:36.813000","2026-07-30T13:32:11.757000","service_92a37121-6ef7-4fef-ab7b-b3be9c368479","false"
"","","2","false","","","12/7","","","","","","[]","Aberdare PMB","","6a6b52112243d2e46b072019","Active","","","","","6a6b52384577c6c0354a5339","2026-07-30T13:31:36.813000","2026-08-06T06:49:05.476000","service_92a37121-6ef7-4fef-ab7b-b3be9c368479","false"
"","","1","false","","","","","","","","","[]","32 Napier Camera 7","","6a6b52112243d2e46b072019","Active","","","","","6a6b52384577c6c0354a533e","2026-07-30T13:31:36.813000","2026-07-30T13:32:11.757000","service_92a37121-6ef7-4fef-ab7b-b3be9c368479","false"
"","","1","false","","","","","","","","","[]","Warehouse Wall North Dispatch","","6a6b52112243d2e46b072019","Active","","","","","6a6b52384577c6c0354a5355","2026-07-30T13:31:36.813000","2026-07-30T13:32:11.757000","service_92a37121-6ef7-4fef-ab7b-b3be9c368479","false"
"","","11","false","","","","","","","","","[]","10 Bradfield 12 hrs","","6a6b52112243d2e46b07201b","Active","","","","","6a6b52384577c6c0354a5358","2026-07-30T13:31:36.813000","2026-08-03T15:45:20.151000","service_92a37121-6ef7-4fef-ab7b-b3be9c368479","false"
"","","1","false","","","","","","","","","[]","32 Napier Camera 3","","6a6b52112243d2e46b072019","Active","","","","","6a6b52384577c6c0354a5340","2026-07-30T13:31:36.813000","2026-07-30T13:32:11.757000","service_92a37121-6ef7-4fef-ab7b-b3be9c368479","false"
"","","1","false","","","","","","","","","[]","Easigas Germiston Gate","","6a6b52112243d2e46b072019","Active","","","","","6a6b52384577c6c0354a5345","2026-07-30T13:31:36.813000","2026-07-30T13:32:11.757000","service_92a37121-6ef7-4fef-ab7b-b3be9c368479","false"
"","","1","false","","","","","","","","","[]","Motus Camera4","","6a6b52112243d2e46b072019","Active","","","","","6a6b52384577c6c0354a534c","2026-07-30T13:31:36.813000","2026-07-30T13:32:11.757000","service_92a37121-6ef7-4fef-ab7b-b3be9c368479","false"
"","","9","false","","","24/7","100428","","","","","[]","108 South","","6a6b52112243d2e46b07201b","Active","","","","","6a6b52384577c6c0354a5359","2026-07-30T13:31:36.813000","2026-08-06T06:55:49.569000","service_92a37121-6ef7-4fef-ab7b-b3be9c368479","false"
"","","4","false","","","","","","","","","[]","Gina@Work Roller Shutter","","6a6b52112243d2e46b072019","Active","","","","","6a6b52384577c6c0354a5334","2026-07-30T13:31:36.813000","2026-07-30T13:32:11.757000","service_92a37121-6ef7-4fef-ab7b-b3be9c368479","false"
"","","1","false","","","","","","","","","[]","Aberdare Cables PE Cam 2","","6a6b52112243d2e46b072019","Active","","","","","6a6b52384577c6c0354a533d","2026-07-30T13:31:36.813000","2026-07-30T13:32:11.757000","service_92a37121-6ef7-4fef-ab7b-b3be9c368479","false"
"","","1","false","","","","","","","","","[]","Aberdare  Cables  PE Cam1","","6a6b52112243d2e46b072019","Active","","","","","6a6b52384577c6c0354a533f","2026-07-30T13:31:36.813000","2026-07-30T13:32:11.757000","service_92a37121-6ef7-4fef-ab7b-b3be9c368479","false"
"","","1","false","","","","","","","","","[]","32 Napier Camera 5","","6a6b52112243d2e46b072019","Active","","","","","6a6b52384577c6c0354a5343","2026-07-30T13:31:36.813000","2026-07-30T13:32:11.757000","service_92a37121-6ef7-4fef-ab7b-b3be9c368479","false"
"","","1","false","","","","","","","","","[]","Motus Camera 7","","6a6b52112243d2e46b072019","Active","","","","","6a6b52384577c6c0354a5352","2026-07-30T13:31:36.813000","2026-07-30T13:32:11.757000","service_92a37121-6ef7-4fef-ab7b-b3be9c368479","false"
"","","2230","false","","","","","","","","","[]","156 Sites","","6a6b52112243d2e46b072019","Active","","","","","6a6b52384577c6c0354a5356","2026-07-30T13:31:36.813000","2026-07-30T13:32:11.757000","service_92a37121-6ef7-4fef-ab7b-b3be9c368479","false"
"","","8","false","","","24/7","","","","","","[]","13 Tennyson","","6a6b52112243d2e46b07201b","Active","","","","","6a6b52384577c6c0354a535b","2026-07-30T13:31:36.813000","2026-08-06T06:49:05.476000","service_92a37121-6ef7-4fef-ab7b-b3be9c368479","false"
"","","4","false","","","","","","","","","[]","21 Komati HUB","","6a6b52112243d2e46b07201b","Active","","","","","6a6b52384577c6c0354a535e","2026-07-30T13:31:36.813000","2026-08-03T15:45:20.151000","service_92a37121-6ef7-4fef-ab7b-b3be9c368479","false"
"","","4","false","","","","","","","","","[]","Sandingham school","","6a6b52112243d2e46b072019","Active","","","","","6a6b52384577c6c0354a5333","2026-07-30T13:31:36.813000","2026-07-30T13:32:11.757000","service_92a37121-6ef7-4fef-ab7b-b3be9c368479","false"
"","","1","false","","","","","","","","","[]","Motus Camera 8","","6a6b52112243d2e46b072019","Active","","","","","6a6b52384577c6c0354a534f","2026-07-30T13:31:36.813000","2026-07-30T13:32:11.757000","service_92a37121-6ef7-4fef-ab7b-b3be9c368479","false"
"","","1","false","","","","","","","","","[]","Motus Camera 6","","6a6b52112243d2e46b072019","Active","","","","","6a6b52384577c6c0354a5351","2026-07-30T13:31:36.813000","2026-07-30T13:32:11.757000","service_92a37121-6ef7-4fef-ab7b-b3be9c368479","false"
"","","4","false","","","","","","","","","[]","Freedom Won Stranger","","6a6b52112243d2e46b072019","Active","","","","","6a6b52384577c6c0354a5332","2026-07-30T13:31:36.813000","2026-07-30T13:32:11.757000","service_92a37121-6ef7-4fef-ab7b-b3be9c368479","false"
"","","2","false","","","","","","","","","[]","Access World","","6a6b52112243d2e46b072019","Active","","","","","6a6b52384577c6c0354a5338","2026-07-30T13:31:36.813000","2026-07-30T13:32:11.757000","service_92a37121-6ef7-4fef-ab7b-b3be9c368479","false"
"","","1","false","","","","","","","","","[]","Motus Camera14","","6a6b52112243d2e46b072019","Active","","","","","6a6b52384577c6c0354a5348","2026-07-30T13:31:36.813000","2026-07-30T13:32:11.757000","service_92a37121-6ef7-4fef-ab7b-b3be9c368479","false"
"","","9","false","","","12/7","","","","","","[]","179 Corlet Drive","","6a6b52112243d2e46b07201b","Active","","","","","6a6b52384577c6c0354a535c","2026-07-30T13:31:36.813000","2026-08-06T06:49:05.476000","service_92a37121-6ef7-4fef-ab7b-b3be9c368479","false"
"","","4","false","","","","","","","","","[]","Flexi Store NVR 2","","6a6b52112243d2e46b072019","Active","","","","","6a6b52384577c6c0354a5336","2026-07-30T13:31:36.813000","2026-07-30T13:32:11.757000","service_92a37121-6ef7-4fef-ab7b-b3be9c368479","false"
"","","6","false","","","24/7","","","","","","[]","406 Baobab","","6a6b52112243d2e46b07201b","Active","","","","","6a6b52384577c6c0354a535f","2026-07-30T13:31:36.813000","2026-08-06T06:49:05.476000","service_92a37121-6ef7-4fef-ab7b-b3be9c368479","false"
"","","1","false","","","","","","","","","[]","Motus Camera12","","6a6b52112243d2e46b072019","Active","","","","","6a6b52384577c6c0354a534e","2026-07-30T13:31:36.813000","2026-07-30T13:32:11.757000","service_92a37121-6ef7-4fef-ab7b-b3be9c368479","false"
"","","1","false","","","","","","","","","[]","Motus Camera1","","6a6b52112243d2e46b072019","Active","","","","","6a6b52384577c6c0354a5354","2026-07-30T13:31:36.813000","2026-07-30T13:32:11.757000","service_92a37121-6ef7-4fef-ab7b-b3be9c368479","false"
"","","3","false","","","","","","","","","[]","52 Katherine","","6a6b52112243d2e46b07201b","Active","","","","","6a6b52384577c6c0354a5360","2026-07-30T13:31:36.813000","2026-08-03T15:45:20.151000","service_92a37121-6ef7-4fef-ab7b-b3be9c368479","false"
"","","4","false","","","","","","","","","[]","12 Ronmar HUB","","6a6b52112243d2e46b07201b","Active","","","","","6a6b52384577c6c0354a535a","2026-07-30T13:31:36.813000","2026-08-03T15:45:20.151000","service_92a37121-6ef7-4fef-ab7b-b3be9c368479","false"
"","","1","false","","","","","","","","","[]","Motus Camera10","","6a6b52112243d2e46b072019","Active","","","","","6a6b52384577c6c0354a5353","2026-07-30T13:31:36.813000","2026-07-30T13:32:11.757000","service_92a37121-6ef7-4fef-ab7b-b3be9c368479","false"
"","","1","false","","","24/7","","","","","","[]","15 Venus","","6a6b52112243d2e46b072019","Active","","","","","6a6b52384577c6c0354a533b","2026-07-30T13:31:36.813000","2026-08-06T06:49:05.476000","service_92a37121-6ef7-4fef-ab7b-b3be9c368479","false"
"","","1","false","","","","","","","","","[]","32 Napier Camera 1","","6a6b52112243d2e46b072019","Active","","","","","6a6b52384577c6c0354a5341","2026-07-30T13:31:36.813000","2026-07-30T13:32:11.757000","service_92a37121-6ef7-4fef-ab7b-b3be9c368479","false"
"","","1","false","","","","","","","","","[]","Motus Camera15","","6a6b52112243d2e46b072019","Active","","","","","6a6b52384577c6c0354a5349","2026-07-30T13:31:36.813000","2026-07-30T13:32:11.757000","service_92a37121-6ef7-4fef-ab7b-b3be9c368479","false"
"","","16","false","","","","","","","","","[]","(BJD) Synergy","","6a6b52112243d2e46b07201b","Active","","","","","6a6b52384577c6c0354a5357","2026-07-30T13:31:36.813000","2026-08-03T15:45:20.151000","service_92a37121-6ef7-4fef-ab7b-b3be9c368479","false"
"","","1","false","","","","","","","","","[]","32 Napier Camera 6","","6a6b52112243d2e46b072019","Active","","","","","6a6b52384577c6c0354a533c","2026-07-30T13:31:36.813000","2026-07-30T13:32:11.757000","service_92a37121-6ef7-4fef-ab7b-b3be9c368479","false"
"","","1","false","","","","","","","","","[]","Motus Camera5","","6a6b52112243d2e46b072019","Active","","","","","6a6b52384577c6c0354a534d","2026-07-30T13:31:36.813000","2026-07-30T13:32:11.757000","service_92a37121-6ef7-4fef-ab7b-b3be9c368479","false"
"","","1","false","","","","","","","","","[]","Motus Camera13","","6a6b52112243d2e46b072019","Active","","","","","6a6b52384577c6c0354a5347","2026-07-30T13:31:36.813000","2026-07-30T13:32:11.757000","service_92a37121-6ef7-4fef-ab7b-b3be9c368479","false"
"","","19","false","Cross-platform duplicate (ID: 9, found in: DSS, P2P)","","","","","","","","[]","Afrox Epping P2P","","6a6b52112243d2e46b07201d","Active","","","","","6a6b5238cf8fea681339a06f","2026-07-30T13:31:36.559000","2026-07-30T13:32:11.559000","service_92a37121-6ef7-4fef-ab7b-b3be9c368479","false"
"","","8","false","","","24/7","","","","","","[]","Stallion Centurion P2P","","6a6b52112243d2e46b07201d","Active","","","","","6a6b5238cf8fea681339a074","2026-07-30T13:31:36.559000","2026-08-06T06:49:24.840000","service_92a37121-6ef7-4fef-ab7b-b3be9c368479","false"
"","","15","false","","","","","","","","","[]","Afrox wadeville  ASU P2P","","6a6b52112243d2e46b07201d","Active","","","","","6a6b5238cf8fea681339a070","2026-07-30T13:31:36.559000","2026-07-30T13:32:11.559000","service_92a37121-6ef7-4fef-ab7b-b3be9c368479","false"
"","","13","false","","","","STA020","","","","","[]","Afgri Delmas P2P","","6a6b52112243d2e46b07201d","Active","","","","","6a6b5238cf8fea681339a072","2026-07-30T13:31:36.559000","2026-08-06T06:55:49.569000","service_92a37121-6ef7-4fef-ab7b-b3be9c368479","false"
"","","24","false","","","12/7","100125","","","","","[]","Discount Group","","6a6b52112243d2e46b07201f","Active","","","","","6a6b5238cf8fea681339a077","2026-07-30T13:31:36.559000","2026-08-06T06:55:49.569000","service_92a37121-6ef7-4fef-ab7b-b3be9c368479","false"
"","","7","false","","","12/7","","","","","","[]","Afrox Umbilo P2P","","6a6b52112243d2e46b07201d","Active","","","","","6a6b5238cf8fea681339a076","2026-07-30T13:31:36.559000","2026-08-06T06:49:24.840000","service_92a37121-6ef7-4fef-ab7b-b3be9c368479","false"
"","","15","false","","","","","","","","","[]","Impala bolt and Nut P2P","","6a6b52112243d2e46b07201d","Active","","","","","6a6b5238cf8fea681339a071","2026-07-30T13:31:36.559000","2026-07-30T13:32:11.559000","service_92a37121-6ef7-4fef-ab7b-b3be9c368479","false"
"","","10","false","","","","","","","","","[]","Spectank P2P","","6a6b52112243d2e46b07201d","Active","","","","","6a6b5238cf8fea681339a073","2026-07-30T13:31:36.559000","2026-07-30T13:32:11.559000","service_92a37121-6ef7-4fef-ab7b-b3be9c368479","false"
"","","7","false","","","","","","","","","[]","Afrox Trichardt P2P","","6a6b52112243d2e46b07201d","Active","","","","","6a6b5238cf8fea681339a075","2026-07-30T13:31:36.559000","2026-07-30T13:32:11.559000","service_92a37121-6ef7-4fef-ab7b-b3be9c368479","false"
"","","7","false","","","","","","","","","[]","Mall@Junction","","6a6b52112243d2e46b072019","Active","","","","","6a6b521120a8b644f2cd4174","2026-07-30T13:30:57.794000","2026-07-30T13:30:57.794000","service_92a37121-6ef7-4fef-ab7b-b3be9c368479","false"
"","","7","false","","","","","","","","","[]","SYNCRON","","6a6b52112243d2e46b072019","Active","","","","","6a6b521120a8b644f2cd4173","2026-07-30T13:30:57.794000","2026-07-30T13:30:57.794000","service_92a37121-6ef7-4fef-ab7b-b3be9c368479","false"
"","","6","false","","","","","","","","","[]","Take alot Secunda","","6a6b52112243d2e46b072019","Active","","","","","6a6b521120a8b644f2cd417c","2026-07-30T13:30:57.794000","2026-07-30T13:30:57.794000","service_92a37121-6ef7-4fef-ab7b-b3be9c368479","false"
"","","5","false","","","","","","","","","[]","Nettleton Ridge HOA 4 (Guard)","","6a6b52112243d2e46b072019","Active","","","","","6a6b521120a8b644f2cd417e","2026-07-30T13:30:57.794000","2026-07-30T13:30:57.794000","service_92a37121-6ef7-4fef-ab7b-b3be9c368479","false"
"","","7","false","","","12/7","","","","","","[]","Afrox Germiston","","6a6b52112243d2e46b072019","Active","","","","","6a6b521120a8b644f2cd4176","2026-07-30T13:30:57.794000","2026-08-06T06:49:05.476000","service_92a37121-6ef7-4fef-ab7b-b3be9c368479","false"
"","","7","false","","","12/7","","","","","","[]","Afrox Roodepoort","","6a6b52112243d2e46b072019","Active","","","","","6a6b521120a8b644f2cd4178","2026-07-30T13:30:57.794000","2026-08-06T06:49:05.476000","service_92a37121-6ef7-4fef-ab7b-b3be9c368479","false"
"","","7","false","","","12/7","","","","","","[]","Afrox Umbilo","","6a6b52112243d2e46b072019","Active","","","","","6a6b521120a8b644f2cd417b","2026-07-30T13:30:57.794000","2026-08-06T06:49:05.476000","service_92a37121-6ef7-4fef-ab7b-b3be9c368479","false"
"","","7","false","","","12/7","","","","","","[]","Afrox Silverton","","6a6b52112243d2e46b072019","Active","","","","","6a6b521120a8b644f2cd4177","2026-07-30T13:30:57.794000","2026-08-06T06:49:05.476000","service_92a37121-6ef7-4fef-ab7b-b3be9c368479","false"
"","","7","false","","","12/7","","","","","","[]","Afrox Upington","","6a6b52112243d2e46b072019","Active","","","","","6a6b521120a8b644f2cd4179","2026-07-30T13:30:57.794000","2026-08-06T06:49:05.476000","service_92a37121-6ef7-4fef-ab7b-b3be9c368479","false"
"","","7","false","","","12/7","","","","","","[]","Afrox Spartan","","6a6b52112243d2e46b072019","Active","","","","","6a6b521120a8b644f2cd4172","2026-07-30T13:30:57.794000","2026-08-06T06:49:05.476000","service_92a37121-6ef7-4fef-ab7b-b3be9c368479","false"
"","","7","false","","","12/7","","","","","","[]","Afrox Booysens","","6a6b52112243d2e46b072019","Active","","","","","6a6b521120a8b644f2cd4175","2026-07-30T13:30:57.794000","2026-08-06T06:49:05.476000","service_92a37121-6ef7-4fef-ab7b-b3be9c368479","false"
"","","5","false","","","12/7","","","","","","[]","Afrox Stanger","","6a6b52112243d2e46b072019","Active","","","","","6a6b521120a8b644f2cd417d","2026-07-30T13:30:57.794000","2026-08-06T06:49:05.476000","service_92a37121-6ef7-4fef-ab7b-b3be9c368479","false"
"","","5","false","","","12/7","","","","","","[]","Afrox Kathu","","6a6b52112243d2e46b072019","Active","","","","","6a6b521120a8b644f2cd4182","2026-07-30T13:30:57.794000","2026-08-06T06:49:05.476000","service_92a37121-6ef7-4fef-ab7b-b3be9c368479","false"
"","","5","false","","","","","","","","","[]","Erusmus Residents","","6a6b52112243d2e46b072019","Active","","","","","6a6b521120a8b644f2cd4180","2026-07-30T13:30:57.794000","2026-07-30T13:30:57.794000","service_92a37121-6ef7-4fef-ab7b-b3be9c368479","false"
"","","7","false","","","","","","","","","[]","Afrox Vereeniging","","6a6b52112243d2e46b072019","Active","","","","","6a6b521120a8b644f2cd417a","2026-07-30T13:30:57.794000","2026-07-30T13:30:57.794000","service_92a37121-6ef7-4fef-ab7b-b3be9c368479","false"
"","","8","false","","","","","","","","","[]","George Fitzroy","","6a6b52112243d2e46b072019","Active","","","","","6a6b521120a8b644f2cd4170","2026-07-30T13:30:57.794000","2026-07-30T13:30:57.794000","service_92a37121-6ef7-4fef-ab7b-b3be9c368479","false"
"","","8","false","","","","ALT001","","","","","[]","7 Byron (Trevor Zulberg)","","6a6b52112243d2e46b072019","Active","","","","","6a6b521120a8b644f2cd416e","2026-07-30T13:30:57.794000","2026-08-06T06:55:49.569000","service_92a37121-6ef7-4fef-ab7b-b3be9c368479","false"
"","","8","false","","","","","","","","","[]","Afrox Lephalale","","6a6b52112243d2e46b072019","Active","","","","","6a6b521120a8b644f2cd416f","2026-07-30T13:30:57.794000","2026-07-30T13:30:57.794000","service_92a37121-6ef7-4fef-ab7b-b3be9c368479","false"
"","","8","false","Cross-platform duplicate (ID: 5, found in: DSS, DeepAlert)","","","","","","","","[]","Mimo Franco","","6a6b52112243d2e46b072019","Active","","","","","6a6b521120a8b644f2cd4171","2026-07-30T13:30:57.794000","2026-07-30T13:30:57.794000","service_92a37121-6ef7-4fef-ab7b-b3be9c368479","false"
"","","5","false","","","","","","","","","[]","STALLION_BOTSWANA","","6a6b52112243d2e46b072019","Active","","","","","6a6b521120a8b644f2cd417f","2026-07-30T13:30:57.794000","2026-07-30T13:30:57.794000","service_92a37121-6ef7-4fef-ab7b-b3be9c368479","false"
"","","5","false","","","12/7","","","","","","[]","Afrox Stikland","","6a6b52112243d2e46b072019","Active","","","","","6a6b521120a8b644f2cd4181","2026-07-30T13:30:57.794000","2026-08-06T06:49:05.476000","service_92a37121-6ef7-4fef-ab7b-b3be9c368479","false"
"","","13","false","","","","STA020","","","","","[]","Afgri Delmas","","6a6b52112243d2e46b072019","Active","","","","","6a6b521120a8b644f2cd4159","2026-07-30T13:30:57.791000","2026-08-06T06:55:49.569000","service_92a37121-6ef7-4fef-ab7b-b3be9c368479","false"
"","","10","false","","","","","","","","","[]","Afrox Trichardt","","6a6b52112243d2e46b072019","Active","","","","","6a6b521120a8b644f2cd4160","2026-07-30T13:30:57.791000","2026-07-30T13:30:57.791000","service_92a37121-6ef7-4fef-ab7b-b3be9c368479","false"
"","","14","false","","","","","","","","","[]","AssureCloud","","6a6b52112243d2e46b072019","Active","","","","","6a6b521120a8b644f2cd4154","2026-07-30T13:30:57.791000","2026-07-30T13:30:57.791000","service_92a37121-6ef7-4fef-ab7b-b3be9c368479","false"
"","","10","false","","","","","","","","","[]","Spectank (Pty) Ltd","","6a6b52112243d2e46b072019","Active","","","","","6a6b521120a8b644f2cd4162","2026-07-30T13:30:57.791000","2026-07-30T13:30:57.791000","service_92a37121-6ef7-4fef-ab7b-b3be9c368479","false"
"","","16","false","","","12/7","","","","","","[]","Two Mountains Apel P2P","","6a6b52112243d2e46b072019","Active","","","","","6a6b521120a8b644f2cd414a","2026-07-30T13:30:57.791000","2026-08-06T06:49:24.840000","service_92a37121-6ef7-4fef-ab7b-b3be9c368479","false"
"","","16","false","","","","","","","","","[]","Maneli Pets 12HRs","","6a6b52112243d2e46b072019","Active","","","","","6a6b521120a8b644f2cd414e","2026-07-30T13:30:57.791000","2026-07-30T13:30:57.791000","service_92a37121-6ef7-4fef-ab7b-b3be9c368479","false"
"","","14","false","","","12/7","","","","","","[]","Afrox Boksburg","","6a6b52112243d2e46b072019","Active","","","","","6a6b521120a8b644f2cd4156","2026-07-30T13:30:57.791000","2026-08-06T06:49:05.476000","service_92a37121-6ef7-4fef-ab7b-b3be9c368479","false"
"","","9","false","","","","STA020","","","","","[]","Corruseal Roodepoort 1","","6a6b52112243d2e46b072019","Active","","","","","6a6b521120a8b644f2cd4167","2026-07-30T13:30:57.791000","2026-08-06T06:55:49.569000","service_92a37121-6ef7-4fef-ab7b-b3be9c368479","false"
"","","12","false","","","","","","","","","[]","Easigas Germiston","","6a6b52112243d2e46b072019","Active","","","","","6a6b521120a8b644f2cd415b","2026-07-30T13:30:57.791000","2026-07-30T13:30:57.791000","service_92a37121-6ef7-4fef-ab7b-b3be9c368479","false"
"","","11","false","","","","","","","","","[]","Afrox Wadeville GnG","","6a6b52112243d2e46b072019","Active","","","","","6a6b521120a8b644f2cd415c","2026-07-30T13:30:57.791000","2026-07-30T13:30:57.791000","service_92a37121-6ef7-4fef-ab7b-b3be9c368479","false"
"","","10","false","","","","","","","","","[]","Berzack Durban","","6a6b52112243d2e46b072019","Active","","","","","6a6b521120a8b644f2cd4164","2026-07-30T13:30:57.791000","2026-07-30T13:30:57.791000","service_92a37121-6ef7-4fef-ab7b-b3be9c368479","false"
"","","15","false","","","","","","","","","[]","Impala Nut & Bolt Nigel","","6a6b52112243d2e46b072019","Active","","","","","6a6b521120a8b644f2cd4150","2026-07-30T13:30:57.791000","2026-07-30T13:30:57.791000","service_92a37121-6ef7-4fef-ab7b-b3be9c368479","false"
"","","13","false","","","12/7","","","","","","[]","Afrox Rustenburg","","6a6b52112243d2e46b072019","Active","","","","","6a6b521120a8b644f2cd4158","2026-07-30T13:30:57.791000","2026-08-06T06:49:05.476000","service_92a37121-6ef7-4fef-ab7b-b3be9c368479","false"
"","","10","false","","","12/7","","","","","","[]","Afrox Grayston HQ","","6a6b52112243d2e46b072019","Active","","","","","6a6b521120a8b644f2cd415f","2026-07-30T13:30:57.791000","2026-08-06T06:49:05.476000","service_92a37121-6ef7-4fef-ab7b-b3be9c368479","false"
"","","14","false","","","","","","","","","[]","Sandvik Mining RSA  2","","6a6b52112243d2e46b072019","Active","","","","","6a6b521120a8b644f2cd4153","2026-07-30T13:30:57.791000","2026-07-30T13:30:57.791000","service_92a37121-6ef7-4fef-ab7b-b3be9c368479","false"
"","","10","false","","","12/7","","","","","","[]","intraspeed KZN","","6a6b52112243d2e46b072019","Active","","","","","6a6b521120a8b644f2cd4161","2026-07-30T13:30:57.791000","2026-08-06T06:49:05.476000","service_92a37121-6ef7-4fef-ab7b-b3be9c368479","false"
"","","8","false","","","24/7","","","","","","[]","Takealot Middleburg","","6a6b52112243d2e46b072019","Active","","","","","6a6b521120a8b644f2cd416a","2026-07-30T13:30:57.791000","2026-08-06T06:49:05.476000","service_92a37121-6ef7-4fef-ab7b-b3be9c368479","false"
"","","15","false","","","12/7","","","","","","[]","Afrox Wadeville ASU","","6a6b52112243d2e46b072019","Active","","","","","6a6b521120a8b644f2cd4151","2026-07-30T13:30:57.791000","2026-08-06T06:49:05.476000","service_92a37121-6ef7-4fef-ab7b-b3be9c368479","false"
"","","16","false","","","","","","","","","[]","Revive-32CH-NVR-99","","6a6b52112243d2e46b072019","Active","","","","","6a6b521120a8b644f2cd4149","2026-07-30T13:30:57.791000","2026-07-30T13:30:57.791000","service_92a37121-6ef7-4fef-ab7b-b3be9c368479","false"
"","","8","false","","","","","","","","","[]","Berzacks CPT 12 hrs","","6a6b52112243d2e46b072019","Active","","","","","6a6b521120a8b644f2cd416c","2026-07-30T13:30:57.791000","2026-07-30T13:30:57.791000","service_92a37121-6ef7-4fef-ab7b-b3be9c368479","false"
"","","11","false","","","12/7","","","","","","[]","Afrox Kimberley","","6a6b52112243d2e46b072019","Active","","","","","6a6b521120a8b644f2cd415d","2026-07-30T13:30:57.791000","2026-08-06T06:49:05.476000","service_92a37121-6ef7-4fef-ab7b-b3be9c368479","false"
"","","11","false","","","12/7","","","","","","[]","Stables External","","6a6b52112243d2e46b072019","Active","","","","","6a6b521120a8b644f2cd415e","2026-07-30T13:30:57.791000","2026-08-06T06:49:05.476000","service_92a37121-6ef7-4fef-ab7b-b3be9c368479","false"
"","","10","false","","","","","","","","","[]","Craig Lazzaous","","6a6b52112243d2e46b072019","Active","","","","","6a6b521120a8b644f2cd4165","2026-07-30T13:30:57.791000","2026-07-30T13:30:57.791000","service_92a37121-6ef7-4fef-ab7b-b3be9c368479","false"
"","","9","false","","","12/7","","","","","","[]","Afrox Midrand","","6a6b52112243d2e46b072019","Active","","","","","6a6b521120a8b644f2cd4168","2026-07-30T13:30:57.791000","2026-08-06T06:49:05.476000","service_92a37121-6ef7-4fef-ab7b-b3be9c368479","false"
"","","8","false","","","12/7","","","","","","[]","Clive Farm","","6a6b52112243d2e46b072019","Active","","","","","6a6b521120a8b644f2cd416b","2026-07-30T13:30:57.791000","2026-08-06T06:49:05.476000","service_92a37121-6ef7-4fef-ab7b-b3be9c368479","false"
"","","10","false","","","12/7","100600","","","","","[]","IntraSpeed Spartan","","6a6b52112243d2e46b072019","Active","","","","","6a6b521120a8b644f2cd4163","2026-07-30T13:30:57.791000","2026-08-06T06:55:49.569000","service_92a37121-6ef7-4fef-ab7b-b3be9c368479","false"
"","","8","false","","","","","","","","","[]","Fiorano Estate","","6a6b52112243d2e46b072019","Active","","","","","6a6b521120a8b644f2cd416d","2026-07-30T13:30:57.791000","2026-07-30T13:30:57.791000","service_92a37121-6ef7-4fef-ab7b-b3be9c368479","false"
"","","16","false","","","24/7","","","","","","[]","IT Masters","","6a6b52112243d2e46b072019","Active","","","","","6a6b521120a8b644f2cd4148","2026-07-30T13:30:57.791000","2026-08-06T06:49:05.476000","service_92a37121-6ef7-4fef-ab7b-b3be9c368479","false"
"","","16","false","Cross-platform duplicate (ID: 7, found in: DSS, Lytehouse)","","","100133","","","","","[]","Revive 555","","6a6b52112243d2e46b072019","Active","","","","","6a6b521120a8b644f2cd414c","2026-07-30T13:30:57.791000","2026-08-06T06:55:49.569000","service_92a37121-6ef7-4fef-ab7b-b3be9c368479","false"
"","","13","false","","","","","","","","","[]","Berzacks JHB","","6a6b52112243d2e46b072019","Active","","","","","6a6b521120a8b644f2cd4157","2026-07-30T13:30:57.791000","2026-07-30T13:30:57.791000","service_92a37121-6ef7-4fef-ab7b-b3be9c368479","false"
"","","16","false","Cross-platform duplicate (ID: 8, found in: DSS, Lytehouse)","","24/7","100133","","","","","[]","Revive Steeldale","","6a6b52112243d2e46b072019","Active","","","","","6a6b521120a8b644f2cd414f","2026-07-30T13:30:57.791000","2026-08-06T06:55:49.569000","service_92a37121-6ef7-4fef-ab7b-b3be9c368479","false"
"","","16","false","","","","","","","","","[]","Revive Extra 16 channel","","6a6b52112243d2e46b072019","Active","","","","","6a6b521120a8b644f2cd414d","2026-07-30T13:30:57.791000","2026-07-30T13:30:57.791000","service_92a37121-6ef7-4fef-ab7b-b3be9c368479","false"
"","","9","false","","","","","","","","","[]","Afrox Middelburg","","6a6b52112243d2e46b072019","Active","","","","","6a6b521120a8b644f2cd4169","2026-07-30T13:30:57.791000","2026-07-30T13:30:57.791000","service_92a37121-6ef7-4fef-ab7b-b3be9c368479","false"
"","","15","false","","","24/7","","","","","","[]","Takealot Witbank","","6a6b52112243d2e46b072019","Active","","","","","6a6b521120a8b644f2cd4152","2026-07-30T13:30:57.791000","2026-08-06T06:49:05.476000","service_92a37121-6ef7-4fef-ab7b-b3be9c368479","false"
"","","10","false","","","12/7","","","","","","[]","Easigas Alrode","","6a6b52112243d2e46b072019","Active","","","","","6a6b521120a8b644f2cd4166","2026-07-30T13:30:57.791000","2026-08-06T06:49:05.476000","service_92a37121-6ef7-4fef-ab7b-b3be9c368479","false"
"","","16","false","","","12/7","","","","","","[]","Stables Basement","","6a6b52112243d2e46b072019","Active","","","","","6a6b521120a8b644f2cd414b","2026-07-30T13:30:57.791000","2026-08-06T06:49:05.476000","service_92a37121-6ef7-4fef-ab7b-b3be9c368479","false"
"","","14","false","","","","","","","","","[]","Cosmo Shopping 16ch","","6a6b52112243d2e46b072019","Active","","","","","6a6b521120a8b644f2cd4155","2026-07-30T13:30:57.791000","2026-07-30T13:30:57.791000","service_92a37121-6ef7-4fef-ab7b-b3be9c368479","false"
"","","12","false","","","24/7","","","","","","[]","Intercape PTA","","6a6b52112243d2e46b072019","Active","","","","","6a6b521120a8b644f2cd415a","2026-07-30T13:30:57.791000","2026-08-06T06:49:05.476000","service_92a37121-6ef7-4fef-ab7b-b3be9c368479","false"
"","","17","false","","","12/7","","","","","","[]","Afrox Klerksdorp","","6a6b52112243d2e46b072019","Active","","","","","6a6b521120a8b644f2cd413a","2026-07-30T13:30:57.790000","2026-08-06T06:49:05.476000","service_92a37121-6ef7-4fef-ab7b-b3be9c368479","false"
"","","16","false","","","12/7","","","","","","[]","Afrox PMB GnG","","6a6b52112243d2e46b072019","Active","","","","","6a6b521120a8b644f2cd413c","2026-07-30T13:30:57.790000","2026-08-06T06:49:24.840000","service_92a37121-6ef7-4fef-ab7b-b3be9c368479","false"
"","","16","false","","","","","","","","","[]","Afgri Ellof Delmas","","6a6b52112243d2e46b072019","Active","","","","","6a6b521120a8b644f2cd413e","2026-07-30T13:30:57.790000","2026-07-30T13:30:57.790000","service_92a37121-6ef7-4fef-ab7b-b3be9c368479","false"
"","","16","false","","","12/7","","","","","","[]","Impala Bolt N Nut","","6a6b52112243d2e46b072019","Active","","","","","6a6b521120a8b644f2cd4147","2026-07-30T13:30:57.790000","2026-08-06T06:49:05.476000","service_92a37121-6ef7-4fef-ab7b-b3be9c368479","false"
"","","16","false","","","","","","","","","[]","Continantal linen 12hours","","6a6b52112243d2e46b072019","Active","","","","","6a6b521120a8b644f2cd4142","2026-07-30T13:30:57.790000","2026-07-30T13:30:57.790000","service_92a37121-6ef7-4fef-ab7b-b3be9c368479","false"
"","","20","false","","","12/7","","","","","","[]","Krost Shelving Alrode","","6a6b52112243d2e46b072019","Active","","","","","6a6b521120a8b644f2cd4132","2026-07-30T13:30:57.790000","2026-08-06T06:49:05.476000","service_92a37121-6ef7-4fef-ab7b-b3be9c368479","false"
"","","16","false","","","12/7","","","","","","[]","Afrox Pinetown","","6a6b52112243d2e46b072019","Active","","","","","6a6b521120a8b644f2cd4140","2026-07-30T13:30:57.790000","2026-08-06T06:49:05.476000","service_92a37121-6ef7-4fef-ab7b-b3be9c368479","false"
"","","20","false","","","","","","","","","[]","Afrox Newcastle 1","","6a6b52112243d2e46b072019","Active","","","","","6a6b521120a8b644f2cd4131","2026-07-30T13:30:57.790000","2026-07-30T13:30:57.790000","service_92a37121-6ef7-4fef-ab7b-b3be9c368479","false"
"","","17","false","Cross-platform duplicate (ID: 6, found in: DSS, Lytehouse)","","12/7","","","","","","[]","Fairprice Roodekop","","6a6b52112243d2e46b072019","Active","","","","","6a6b521120a8b644f2cd4138","2026-07-30T13:30:57.790000","2026-08-06T06:49:05.476000","service_92a37121-6ef7-4fef-ab7b-b3be9c368479","false"
"","","19","false","Cross-platform duplicate (ID: 9, found in: DSS, P2P)","","","","","","","","[]","Afrox Epping P2P","","6a6b52112243d2e46b072019","Active","","","","","6a6b521120a8b644f2cd4134","2026-07-30T13:30:57.790000","2026-07-30T13:30:57.790000","service_92a37121-6ef7-4fef-ab7b-b3be9c368479","false"
"","","18","false","Cross-platform duplicate (ID: 4, found in: DSS, DeepAlert)","","","","","","","","[]","fair price roodekop","","6a6b52112243d2e46b072019","Active","","","","","6a6b521120a8b644f2cd4135","2026-07-30T13:30:57.790000","2026-07-30T13:30:57.790000","service_92a37121-6ef7-4fef-ab7b-b3be9c368479","false"
"","","21","false","","","","C00154","","","","","[]","Goscor Cleaning","","6a6b52112243d2e46b072019","Active","","","","","6a6b521120a8b644f2cd412d","2026-07-30T13:30:57.790000","2026-08-06T06:55:49.569000","service_92a37121-6ef7-4fef-ab7b-b3be9c368479","false"
"","","19","false","Cross-platform duplicate (ID: 3, found in: DSS, DeepAlert)","","","STA020","","","","","[]","Fair Price Newtown","","6a6b52112243d2e46b072019","Active","","","","","6a6b521120a8b644f2cd4133","2026-07-30T13:30:57.790000","2026-08-06T06:55:49.569000","service_92a37121-6ef7-4fef-ab7b-b3be9c368479","false"
"","","21","false","","","12/7","","","","","","[]","Afrox Riverhorse P2P","","6a6b52112243d2e46b072019","Active","","","","","6a6b521120a8b644f2cd412e","2026-07-30T13:30:57.790000","2026-08-06T06:49:24.840000","service_92a37121-6ef7-4fef-ab7b-b3be9c368479","false"
"","","20","false","","","","","","","","","[]","Bio MED","","6a6b52112243d2e46b072019","Active","","","","","6a6b521120a8b644f2cd412f","2026-07-30T13:30:57.790000","2026-07-30T13:30:57.790000","service_92a37121-6ef7-4fef-ab7b-b3be9c368479","false"
"","","17","false","","","","","","","","","[]","Paul Harrison","","6a6b52112243d2e46b072019","Active","","","","","6a6b521120a8b644f2cd4136","2026-07-30T13:30:57.790000","2026-07-30T13:30:57.790000","service_92a37121-6ef7-4fef-ab7b-b3be9c368479","false"
"","","16","false","","","24/7","100662","","","","","[]","Auria San Sereno","","6a6b52112243d2e46b072019","Active","","","","","6a6b521120a8b644f2cd4143","2026-07-30T13:30:57.790000","2026-08-06T06:55:49.569000","service_92a37121-6ef7-4fef-ab7b-b3be9c368479","false"
"","","24","false","","","12/7","","","","","","[]","Afrox Witbank GnG","","6a6b52112243d2e46b072019","Active","","","","","6a6b521120a8b644f2cd4129","2026-07-30T13:30:57.790000","2026-08-06T06:49:05.476000","service_92a37121-6ef7-4fef-ab7b-b3be9c368479","false"
"","","16","false","","","","","","","","","[]","Chabad House","","6a6b52112243d2e46b072019","Active","","","","","6a6b521120a8b644f2cd4144","2026-07-30T13:30:57.790000","2026-07-30T13:30:57.790000","service_92a37121-6ef7-4fef-ab7b-b3be9c368479","false"
"","","24","false","Cross-platform duplicate (ID: 2, found in: DSS, DeepAlert)","","12/7","100125","","","","","[]","Discount Group","","6a6b52112243d2e46b072019","Active","","","","","6a6b521120a8b644f2cd412a","2026-07-30T13:30:57.790000","2026-08-06T06:55:49.569000","service_92a37121-6ef7-4fef-ab7b-b3be9c368479","false"
"","","16","false","","","","","","","","","[]","AcdocoSA NVR","","6a6b52112243d2e46b072019","Active","","","","","6a6b521120a8b644f2cd413d","2026-07-30T13:30:57.790000","2026-07-30T13:30:57.790000","service_92a37121-6ef7-4fef-ab7b-b3be9c368479","false"
"","","16","false","","","24/7","HDM001","","","","","[]","Hendor Transport","","6a6b52112243d2e46b072019","Active","","","","","6a6b521120a8b644f2cd4146","2026-07-30T13:30:57.790000","2026-08-06T06:55:49.569000","service_92a37121-6ef7-4fef-ab7b-b3be9c368479","false"
"","","24","false","","","","","","","","","[]","Inanda Club 2","","6a6b52112243d2e46b072019","Active","","","","","6a6b521120a8b644f2cd4128","2026-07-30T13:30:57.790000","2026-07-30T13:30:57.790000","service_92a37121-6ef7-4fef-ab7b-b3be9c368479","false"
"","","22","false","","","","","","","","","[]","Park Village Auctions","","6a6b52112243d2e46b072019","Active","","","","","6a6b521120a8b644f2cd412b","2026-07-30T13:30:57.790000","2026-07-30T13:30:57.790000","service_92a37121-6ef7-4fef-ab7b-b3be9c368479","false"
"","","17","false","","","","","","","","","[]","Imperial Truck Rental Denver  BACKUP","","6a6b52112243d2e46b072019","Active","","","","","6a6b521120a8b644f2cd4139","2026-07-30T13:30:57.790000","2026-07-30T13:30:57.790000","service_92a37121-6ef7-4fef-ab7b-b3be9c368479","false"
"","","16","false","","","","","","","","","[]","Revive-32CH-NVR-98","","6a6b52112243d2e46b072019","Active","","","","","6a6b521120a8b644f2cd413b","2026-07-30T13:30:57.790000","2026-07-30T13:30:57.790000","service_92a37121-6ef7-4fef-ab7b-b3be9c368479","false"
"","","16","false","","","","","","","","","[]","1 Steepways Lane","","6a6b52112243d2e46b072019","Active","","","","","6a6b521120a8b644f2cd4141","2026-07-30T13:30:57.790000","2026-07-30T13:30:57.790000","service_92a37121-6ef7-4fef-ab7b-b3be9c368479","false"
"","","22","false","","","12/7","","","","","","[]","Krost Shelving Wadeville","","6a6b52112243d2e46b072019","Active","","","","","6a6b521120a8b644f2cd412c","2026-07-30T13:30:57.790000","2026-08-06T06:49:05.476000","service_92a37121-6ef7-4fef-ab7b-b3be9c368479","false"
"","","16","false","","","","","","","","","[]","Afrox East London","","6a6b52112243d2e46b072019","Active","","","","","6a6b521120a8b644f2cd413f","2026-07-30T13:30:57.790000","2026-07-30T13:30:57.790000","service_92a37121-6ef7-4fef-ab7b-b3be9c368479","false"
"","","16","false","","","","","","","","","[]","Waterkloof NVR2","","6a6b52112243d2e46b072019","Active","","","","","6a6b521120a8b644f2cd4145","2026-07-30T13:30:57.790000","2026-07-30T13:30:57.790000","service_92a37121-6ef7-4fef-ab7b-b3be9c368479","false"
"","","17","false","","","12/7","STA020","","","","","[]","Imperial Logistics Denver","","6a6b52112243d2e46b072019","Active","","","","","6a6b521120a8b644f2cd4137","2026-07-30T13:30:57.790000","2026-08-06T06:55:49.569000","service_92a37121-6ef7-4fef-ab7b-b3be9c368479","false"
"","","20","false","","","12/7","","","","","","[]","Easigas Chamdor","","6a6b52112243d2e46b072019","Active","","","","","6a6b521120a8b644f2cd4130","2026-07-30T13:30:57.790000","2026-08-06T06:49:05.476000","service_92a37121-6ef7-4fef-ab7b-b3be9c368479","false"
"","","38","false","","","12/7","","","","","","[]","Afrox Witbank ASU","","6a6b52112243d2e46b072019","Active","","","","","6a6b521120a8b644f2cd410f","2026-07-30T13:30:57.789000","2026-08-06T06:49:05.476000","service_92a37121-6ef7-4fef-ab7b-b3be9c368479","false"
"","","32","false","","","","","","","","","[]","CPT_PIC_Vangate Mall","","6a6b52112243d2e46b072019","Active","","","","","6a6b521120a8b644f2cd4113","2026-07-30T13:30:57.789000","2026-07-30T13:30:57.789000","service_92a37121-6ef7-4fef-ab7b-b3be9c368479","false"
"","","32","false","","","","","","","","","[]","Sandvik Mining RSA 1","","6a6b52112243d2e46b072019","Active","","","","","6a6b521120a8b644f2cd4119","2026-07-30T13:30:57.789000","2026-07-30T13:30:57.789000","service_92a37121-6ef7-4fef-ab7b-b3be9c368479","false"
"","","32","false","","","24/7","100309","","","","","[]","Mount Sheba","","6a6b52112243d2e46b072019","Active","","","","","6a6b521120a8b644f2cd411a","2026-07-30T13:30:57.789000","2026-08-06T06:55:49.569000","service_92a37121-6ef7-4fef-ab7b-b3be9c368479","false"
"","","28","false","","","","","","","","","[]","Cosmo Shopping 32ch","","6a6b52112243d2e46b072019","Active","","","","","6a6b521120a8b644f2cd4122","2026-07-30T13:30:57.789000","2026-07-30T13:30:57.789000","service_92a37121-6ef7-4fef-ab7b-b3be9c368479","false"
"","","32","false","","","","","","","","","[]","VAN VUUREN","","6a6b52112243d2e46b072019","Active","","","","","6a6b521120a8b644f2cd411c","2026-07-30T13:30:57.789000","2026-07-30T13:30:57.789000","service_92a37121-6ef7-4fef-ab7b-b3be9c368479","false"
"","","30","false","","","12/7","","","","","","[]","afrox polokwane","","6a6b52112243d2e46b072019","Active","","","","","6a6b521120a8b644f2cd411f","2026-07-30T13:30:57.789000","2026-08-06T06:49:05.476000","service_92a37121-6ef7-4fef-ab7b-b3be9c368479","false"
"","","32","false","","","12/7","TSA001","","","","","[]","Transrev","","6a6b52112243d2e46b072019","Active","","","","","6a6b521120a8b644f2cd411b","2026-07-30T13:30:57.789000","2026-08-06T06:55:49.569000","service_92a37121-6ef7-4fef-ab7b-b3be9c368479","false"
"","","34","false","","","","","","","","","[]","CPT Parkdene  Bp Garage","","6a6b52112243d2e46b072019","Active","","","","","6a6b521120a8b644f2cd4111","2026-07-30T13:30:57.789000","2026-07-30T13:30:57.789000","service_92a37121-6ef7-4fef-ab7b-b3be9c368479","false"
"","","27","false","","","12/7","","","","","","[]","Easigas Bellville","","6a6b52112243d2e46b072019","Active","","","","","6a6b521120a8b644f2cd4124","2026-07-30T13:30:57.789000","2026-08-06T06:49:05.476000","service_92a37121-6ef7-4fef-ab7b-b3be9c368479","false"
"","","32","false","","","","","","","","","[]","Aberdare Cable Spartan","","6a6b52112243d2e46b072019","Active","","","","","6a6b521120a8b644f2cd4115","2026-07-30T13:30:57.789000","2026-07-30T13:30:57.789000","service_92a37121-6ef7-4fef-ab7b-b3be9c368479","false"
"","","32","false","","","12/7","","","","","","[]","Afrox PTA West","","6a6b52112243d2e46b072019","Active","","","","","6a6b521120a8b644f2cd4116","2026-07-30T13:30:57.789000","2026-08-06T06:49:05.476000","service_92a37121-6ef7-4fef-ab7b-b3be9c368479","false"
"","","25","false","","","","","","","","","[]","Soshanguve new NVR","","6a6b52112243d2e46b072019","Active","","","","","6a6b521120a8b644f2cd4126","2026-07-30T13:30:57.789000","2026-07-30T13:30:57.789000","service_92a37121-6ef7-4fef-ab7b-b3be9c368479","false"
"","","31","false","","","12/7","","","","","","[]","Pro Arte School","","6a6b52112243d2e46b072019","Active","","","","","6a6b521120a8b644f2cd411e","2026-07-30T13:30:57.789000","2026-08-06T06:49:05.476000","service_92a37121-6ef7-4fef-ab7b-b3be9c368479","false"
"","","29","false","","","","","","","","","[]","Revive-32CH-NVR-100","","6a6b52112243d2e46b072019","Active","","","","","6a6b521120a8b644f2cd4120","2026-07-30T13:30:57.789000","2026-07-30T13:30:57.789000","service_92a37121-6ef7-4fef-ab7b-b3be9c368479","false"
"","","32","false","","","12/7","","","","","","[]","Afrox Alrode Warehouse","","6a6b52112243d2e46b072019","Active","","","","","6a6b521120a8b644f2cd4114","2026-07-30T13:30:57.789000","2026-08-06T06:49:05.476000","service_92a37121-6ef7-4fef-ab7b-b3be9c368479","false"
"","","25","false","","","12/7","","","","","","[]","Easigas PE","","6a6b52112243d2e46b072019","Active","","","","","6a6b521120a8b644f2cd4127","2026-07-30T13:30:57.789000","2026-08-06T06:49:05.476000","service_92a37121-6ef7-4fef-ab7b-b3be9c368479","false"
"","","32","false","","","","STA020","","","","","[]","Corruseal Roodepoort 2","","6a6b52112243d2e46b072019","Active","","","","","6a6b521120a8b644f2cd4118","2026-07-30T13:30:57.789000","2026-08-06T06:55:49.569000","service_92a37121-6ef7-4fef-ab7b-b3be9c368479","false"
"","","32","false","","","","","","","","","[]","Flexi Store NVR 1","","6a6b52112243d2e46b072019","Active","","","","","6a6b521120a8b644f2cd4112","2026-07-30T13:30:57.789000","2026-07-30T13:30:57.789000","service_92a37121-6ef7-4fef-ab7b-b3be9c368479","false"
"","","64","false","","","","","","","","","[]","Aberdare Cables JHB","","6a6b52112243d2e46b072019","Active","","","","","6a6b521120a8b644f2cd410b","2026-07-30T13:30:57.789000","2026-07-30T13:30:57.789000","service_92a37121-6ef7-4fef-ab7b-b3be9c368479","false"
"","","28","false","","","","","","","","","[]","Inanda Club 1","","6a6b52112243d2e46b072019","Active","","","","","6a6b521120a8b644f2cd4123","2026-07-30T13:30:57.789000","2026-07-30T13:30:57.789000","service_92a37121-6ef7-4fef-ab7b-b3be9c368479","false"
"","","48","false","","","12/7","STA020","","","","","[]","Fairprice Brits  P2P","","6a6b52112243d2e46b072019","Active","","","","","6a6b521120a8b644f2cd410d","2026-07-30T13:30:57.789000","2026-08-06T06:55:49.569000","service_92a37121-6ef7-4fef-ab7b-b3be9c368479","false"
"","","37","false","Cross-platform duplicate (ID: 1, found in: DSS, DeepAlert)","","24/7","TAA001","","","","","[]","suzuki","","6a6b52112243d2e46b072019","Active","","","","","6a6b521120a8b644f2cd4110","2026-07-30T13:30:57.789000","2026-08-06T06:55:49.569000","service_92a37121-6ef7-4fef-ab7b-b3be9c368479","false"
"","","31","false","","","","","","","","","[]","Continental Linen Warehouse","","6a6b52112243d2e46b072019","Active","","","","","6a6b521120a8b644f2cd411d","2026-07-30T13:30:57.789000","2026-07-30T13:30:57.789000","service_92a37121-6ef7-4fef-ab7b-b3be9c368479","false"
"","","25","false","","","12/7","","","","","","[]","Afrox Bloemfontein","","6a6b52112243d2e46b072019","Active","","","","","6a6b521120a8b644f2cd4125","2026-07-30T13:30:57.789000","2026-08-06T06:49:05.476000","service_92a37121-6ef7-4fef-ab7b-b3be9c368479","false"
"","","41","false","","","","","","","","","[]","Fairprice Robertsvile","","6a6b52112243d2e46b072019","Active","","","","","6a6b521120a8b644f2cd410e","2026-07-30T13:30:57.789000","2026-07-30T13:30:57.789000","service_92a37121-6ef7-4fef-ab7b-b3be9c368479","false"
"","","32","false","","","","","","","","","[]","Waterkloof Golf","","6a6b52112243d2e46b072019","Active","","","","","6a6b521120a8b644f2cd4117","2026-07-30T13:30:57.789000","2026-07-30T13:30:57.789000","service_92a37121-6ef7-4fef-ab7b-b3be9c368479","false"
"","","29","false","","","12/7","","","","","","[]","Afrox Polokwane","","6a6b52112243d2e46b072019","Active","","","","","6a6b521120a8b644f2cd4121","2026-07-30T13:30:57.789000","2026-08-06T06:49:05.476000","service_92a37121-6ef7-4fef-ab7b-b3be9c368479","false"
"","","64","false","","","","","","","","","[]","Aberdare Cables JHB 2","","6a6b52112243d2e46b072019","Active","","","","","6a6b521120a8b644f2cd410c","2026-07-30T13:30:57.789000","2026-07-30T13:30:57.789000","service_92a37121-6ef7-4fef-ab7b-b3be9c368479","false"